date,title,body
2004-10-01,お知らせ,10/1 23時頃～10/2 2時頃まで「jigブラウザ」がご利用しにくい状況が続いておりましたが、現在は復旧しております。ご迷惑おかけし誠に申し訳ありませんでした。
2004-10-08,お知らせ,"jigブラウザの最新版を公開しました。最新バージョンは1.0.3となっております。
▼変更点▼
・画像保存に対応(DoCoMoのみ)
・バグ修正
　DoCoMoはバージョンアップを、auは再ダウンロードをお願いします。再ダウンロードURLはお客様番号によって異なりますので、お問い合わせください。"
2004-10-08,お知らせ,"サーバの混雑によりご迷惑をおかけし申し訳ありません。混雑している時間帯がございますので、その場合はしばらく経ってからアクセスしなおしてください。
混雑に対応するために、ただいま、サーバの増設、強化を手配しております。サーバの強化の方はしばらくお時間いただかなくてはならないため空いているサーバへの移行処置を検討しております。今後は解消されていく予定です。"
2004-10-12,お知らせ,"jigブラウザの最新版を公開しました。最新バージョンは1.0.4となっております。修正点は以下になります。
・お気に入りのバグ修正
・ホーム設定を空白にしたときのバグ修正
・エラーダイアログの表示バグ修正
・お気に入り追加でのフォルダ表示バグ修正
・ファイルコンポーネントでのバグ修正
・HELPにお知らせ追加
　DoCoMoはバージョンアップを、auは再ダウンロードをお願いします。再ダウンロードURLはお客様番号によって異なりますので、お問い合わせください。"
2004-10-12,お知らせ,"jigブラウザが繋がらない現象について
　本日の13時に改善処理が済みました。まだ問題がある可能性もございますので、引き続き調査・改善を行ってまいります。"
2004-10-12,お知らせ,"jigブラウザが繋がらない現象について
・サーバ混雑
　弊社サーバの混雑により、ご迷惑をお掛けして申し訳ございません。下記にもあるように、現在対応中ですので、今後は解消されていく予定です。
・au定額制限
　auは定額プランの場合、1日あたりの通信量に制限があります。再ダウンロードでまたお使いいただけます。詳細は[MENU]ボタン→HELPの「よくある質問」をご覧下さい。"
2004-10-13,お知らせ,"jigブラウザの最新版を公開しました。最新バージョンは1.0.5となっております。修正点は以下になります。
・違うページが表示されるバグを修正
・カーソル速度の調整
　DoCoMoはバージョンアップを、auは再ダウンロードをお願いします。再ダウンロードURLはお客様番号によって異なりますので、お問い合わせください。"
2004-10-15,お知らせ,SH900iをご利用のお客様で、FOMAカード差し替えでのご利用が正常にできないケースが確認されております。その場合はお問い合わせください。
2004-10-19,お知らせ,今までお客様番号によって異なっていた再ダウンロード用URLが共通になりました。　http://br.jig.jp/　よりお願いします。
2004-10-19,お知らせ,銀行の支店統合により、お振込先支店名が変わりました。新宿御苑前支店→新宿通支店　となります。ご連絡が遅くなり申し訳ございません。
2004-10-22,お知らせ,"jigブラウザの最新版を公開しました。最新バージョンは1.0.7となっております。修正点は以下になります。DoCoMoはバージョンアップを、auは再ダウンロードをお願いします。

・お気に入りを削除できない不具合を修正"
2004-10-22,お知らせ,"jigブラウザの最新版を公開しました。最新バージョンは1.0.6となっております。修正点は以下になります。DoCoMoはバージョンアップを、auは再ダウンロードをお願いします。

・設定初期化追加
　（ホーム設定と料金を除く全ての設定項目を初期状態にします）
・ページ展開処理高速化
・描画処理高速化
・画像のALT属性表示位置変更
・下記ショートカット機能追加
　[ページアップ、ページダウン(1画面分スクロール)]
　[ページ先頭、ページ末尾]
　[Google一発検索(I'm Feeling Luckyと同じ効果)]
　[カーソル消去]
・再DL時にサーバ側ブックマーク構成が変になっていたバグを修正
　※au版のみ、今回のバージョンをダウンロードした際に､フォルダにはいっていたブックマークがフォルダにはいっていない状態になります。お手数ですが、フォルダにいれなおしてください。次回再ダウンロードからは問題ございません。"
2004-10-23,お知らせ,jigブラウザの最新版を公開しました。最新バージョンは1.0.9となっております。修正点は以下になります。DoCoMoはバージョンアップを、auは再ダウンロードをお願いします。・一部のリンクにフォーカスが合わない不具合を修正
2004-10-23,お知らせ,"jigブラウザの最新版を公開しました。最新バージョンは1.0.8となっております。修正点は以下になります。DoCoMoはバージョンアップを、auは再ダウンロードをお願いします。

・ショートカット設定のお気に入りジャンプを選択すると文章ビューになる不具合を修正
・ショートカット設定のお気に入りジャンプで空のフォルダを選択するとエラーになる不具合を修正"
2004-10-29,お知らせ,"AU版のjigブラウザの最新版を公開しました。最新バージョンは1.1.1となっております。auは再ダウンロードをお願いします。DoCoMo版は不要です。

・文字サイズを変更したときの文字のずれを修正"
2004-10-29,お知らせ,"jigブラウザの最新版を公開しました。最新バージョンは1.1.0となっております。DoCoMoはバージョンアップを、auは再ダウンロードをお願いします。

・F900iTのタッチパネル対応範囲を大幅に拡大
・N900i系のニューロポインタ対応範囲拡大
・文字サイズ変更機能追加
・URLメニューにURL編集を追加
・ショートカット設定に項目追加
　[検索][ホーム表示][ページ情報][お気に入りに追加][画像表示][待受設定(DoCoMoのみ)][URL編集][なし]
・キャッシュ、クッキー、認証情報のクリア機能を追加
・HELPに項目追加
　[各機能詳細][友達に紹介する]
・文章ビューで[ページアップ/ダウン][ページ先頭/末尾]　[次/前フォーカス]のショートカットキーに反応するように変更
・文章ビューで戻ったとき、文章ビューで閲覧していた文字列の位置に戻るように変更
・MENUボタンを押したときの処理を高速化
・画像保存と待受設定で「画像の拡大・縮小」「移動」「サイズ変更」に対応。(DoCoMoのみ)
・設定メニューに待受画像設定を追加（DoCoMoのみ）
　待受画像を｢カメラ撮影｣｢端末フォルダ画像｣｢jigbrowser画像｣に変更可能に

サーバ側の修正を行いました（アプリのバージョンアップ不要）
・mailtoタグでメール送信フォームに遷移
・BASIC認証対応
・表示できないpngの不具合解消
・JISによるページでの文字化け不具合解消
・Cookieの不具合解消"
2004-11-01,お知らせ,"jigブラウザの最新版を公開しました。最新バージョンは1.1.2となっております。DoCoMoはバージョンアップを、auは再ダウンロードをお願いします。

・文章ビューでコピーを選んだときのコピー範囲拡大
・MENUボタンを押したときの処理を高速化
・文章中の電話番号から電話をかけられるように修正
・ttp://で始まる文字列をクリックするとURLにジャンプできるように修正
・AU版で検索が出来ない不具合を修正
・ショートカットの不具合を修正
・URL編集で中止を押したときの不具合を修正
・時計表示部分の不具合を修正
・戻るを選んだときの不具合を修正
・バーコード読み込みでのリファラ修正"
2004-11-02,お知らせ,"jigブラウザの最新版を公開しました。最新バージョンは1.1.3となっております。DoCoMoはバージョンアップを、auは再ダウンロードをお願いします。

・設定保存を追加（初回起動時に自動的に読み込み）
・履歴にURL編集メニュー追加
・履歴からお気に入り追加ができるように変更
・文章ビューでニューロポインタ対応
・スクロールバーの色を変更
・ttp://のリンクを修正
・文章ビューのとき、左右キーでページスクロールするように変更
・チェックボックスのデータが正常に送られない不具合を修正
・AU版でのURL入力、編集で中止できない問題を修正"
2004-11-04,お知らせ,サーバエラーにより、一部繋がりにくい状況が発生しております。ご迷惑をお掛けして申し訳ございません。現在原因を調査・対応中でございます。
2004-11-05,お知らせ,"jigブラウザの最新版を公開しました。最新バージョンは1.1.4となっております。DoCoMoはバージョンアップを、auは再ダウンロードをお願いします。

・画像アップ時の画像サイズを変更
・フォント中以上で時計がはみだす不具合を修正
・F900iTで文章ビューでタッチパネルがきかない不具合を修正
・フォント中以上でのチェックボックスの描画のずれを修正
・ホーム設定が空白で再ダウンロードしたときにお気に入りが復元されない不具合を修正"
2004-11-09,お知らせ,"2004年11月17日(水)AM 6:00 ～ AM 9:00の間、WebMoneyPREMIUMのシステムメンテナンスのためウォレット決済を含むWebMoneyPREMIUM関連サービス全体が停止いたします
※ 通常決済方法(プリペイド番号を入力する決済方法)は利用可能でございます。"
2004-11-10,お知らせ,"jigブラウザの最新版を公開しました。最新バージョンは1.1.5となっております。DoCoMoはバージョンアップを、auは再ダウンロードをお願いします。

・お気に入りに表示順番を変えるための機能「１つ上へ」を追加
・カーソルが画面からはみ出る不具合を修正
・MENUの各画面にスクロールバーを追加
・設定保存を設定履歴保存に変更(設定･URL入力履歴･訪問履歴の保存)

Docomo版のみ
・縮小ビューで背景画像表示に関する不具合を修正
・URLバーコード読込で、ブックマーク形式のバーコードに対応
・画像保存の画像サイズに「表示画像サイズ」を追加

AU版のみ
・縮小ビューで赤枠が画面からはみ出る不具合を修正"
2004-11-12,お知らせ,2004-11-12 4:04、br1014.jig.jpにおいてハードウェア障害が発生し、そのサーバをお使いのお客様が正常にご利用いただけない状態となりました。6:07に復旧完了いたしました。ご迷惑おかけし申し訳ありませんでした。今後障害時の停止時間の短縮に努めます。
2004-11-18,お知らせ,"jigブラウザの最新版を公開しました。最新バージョンは1.1.6となっております。DoCoMoはバージョンアップを、auは再ダウンロードをお願いします。

・[設定]にお気に入りPC管理機能追加
　お気に入りのPC上での編集・削除・追加、IEのお気に入りのインポートが可能になりました。
・ブラウザ画面のスクロールバーがタッチパネルに対応
・カーソル設定に「二度押し設定」の追加
・画像保存で任意のサイズに対応
・一部画面でタッチパネルに反応しない不具合を修正
・定額プランのとき、パケ代を表示しないように修正
・[設定]の項目を一部変更、「表示設定」項目内に移動"
2004-11-18,お知らせ,クレジットカードとWebMoneyのPCからのオンライン決済に対応しました。今までWebMoneyをご利用いただけなかったauの方にもご利用いただけます。PCでjigブラウザトップページ（ http://br.jig.jp/ ）にアクセスして、「jigブラウザとは？」→「オンライン決済」( http://br.jig.jp/pc/payment.html )より手続きを行なってください。
2004-11-25,お知らせ,"jigブラウザの最新版を公開しました。最新バージョンは2.0.2となっております。DoCoMoはバージョンアップを、auは再ダウンロードをお願いします。

・RSSメニューで選択削除を選んだときにエラーが出る不具合を修正"
2004-11-25,お知らせ,"jigブラウザの最新版を公開しました。最新バージョンは2.0.1となっております。DoCoMoはバージョンアップを、auは再ダウンロードをお願いします。

・料金プランで定額を設定しているときに、一瞬画面下部に料金が表示される不具合を修正
・ショートカットのRSSと履歴が入れ替わっている不具合を修正(AU版のみ)"
2004-11-25,お知らせ,今週のお問い合わせ対応は11/25(木)の17:00までとなります。それ以降のお問い合わせは11/29(月)の返信となります。申し訳ございません。宜しくお願いします。
2004-11-25,お知らせ,"jigブラウザの最新版を公開しました。最新バージョンは2.0.0となっております。今回は、アプリのバージョンを揃える為に強制バージョンアップとなりますのでご了承ください。DoCoMoはバージョンアップを、auは再ダウンロードをお願いします。

・[MENU]にRSSリーダー機能追加（使い方詳細は[MENU]→[HELP]→「各機能詳細」参照）
・「カーソル設定」→「二度押し設定」で反応間隔が設定可能に
・縮小ビューにスクロールバーを追加
・縮小ビュー・文章ビューのスクロールバーをタッチパネル対応に
・Yahoo!掲示板に書き込みができなかった不具合を修正
・infoseekメールのメール本文を閲覧できなかった不具合を修正
・文字コード判別を強化
・無料デモ初回3ページを10ページに変更

【RSSとは？】
Webサイトの新着情報などの配信方法を規格化したもの。RSSリーダーによって情報のタイトルなど要約文を一覧する事ができ、そこから詳しく見たい情報に瞬時にアクセスすることが可能。この機能の追加により、jigブラウザで迅速に情報収集を行えるようになりました。"
2004-12-02,お知らせ,"jigブラウザの最新版を公開しました。最新バージョンは2.0.3となっております。DoCoMoはバージョンアップを、auは再ダウンロードをお願いします。

・[MENU]に配色設定機能追加（使い方詳細は[MENU]→[HELP]→「各機能詳細」参照）
　jigブラウザのメニューやボタンの色を設定できます。既に用意された配色の中から選択するか、「カスタム」でお好みの色を指定できます。
・パケット表示が０になる不具合を修正"
2004-12-03,お知らせ,"jigブラウザの最新版を公開しました。最新バージョンは2.0.4となっております。DoCoMoはバージョンアップを、auは再ダウンロードをお願いします。

・リソース不足により通信できなくなる不具合を改善
・多量のRSSデータによりページ展開処理に時間がかかる不具合を改善
・一部画面で配色設定が反映されない不具合を修正"
2004-12-07,お知らせ,サーバでハードウェア的な障害が発生していたため、お客様番号末尾に「1027」がついているアプリが12/7の08:50から10:05までお使いいただけませんでした。ご迷惑をお掛けして申し訳ございませんでした。再発防止の為の対応を早急に行いたいと思います。
2004-12-08,お知らせ,"jigブラウザの最新版を公開しました。最新バージョンは2.0.5となっております。DoCoMoはバージョンアップを、auは再ダウンロードをお願いします。

・HELPにお客様番号表示を追加
　アプリのバージョンもここから確認できます。
・操作メニューに項目を大幅に追加
　操作メニューが2ページになりました。右下「切替」ボタンでページを切り替えられます。
　（詳細は[MENU]→[HELP]→「各機能詳細」参照）
・操作メニューにリンク情報を追加
　リンクにフォーカスをあわせた状態で利用可能。リンク先ページの情報を表示。
・URL入力での不具合を修正
・メニュー表示高速化
・N/P900iでのリソース不足の問題を一部改善"
2004-12-08,お知らせ,"現在、起動時やホームを表示する際に通信エラーが起きる現象が一部確認されております。その場合は下記の点をご確認ください。
・アプリの設定が「通信する」になっているか
・ホームで設定しているサイトに問題がないか（jigブラウザで表示ができないサイトなど）
以上の点に問題がない場合の通信エラーについては現在調査中です。至急解決したいと思います。ご迷惑をお掛けして申し訳ございません。
なお、RSS更新の為に起動に時間がかかる場合もございますので、その場合はお待ちください。"
2004-12-10,お知らせ,"jigブラウザの最新版を公開しました。最新バージョンは2.0.7となっております。DoCoMoはバージョンアップを、auは再ダウンロードをお願いします。

・ページを戻ったときにカーソルが消える不具合を修正"
2004-12-10,お知らせ,"jigブラウザの最新版を公開しました。最新バージョンは2.0.6となっております。DoCoMoはバージョンアップを、auは再ダウンロードをお願いします。

・カーソル設定にスクロール設定を追加
　画面スクロールの方法が変更可能になりました。
・ショートカットに「スクロール」を追加
・RSSの不具合を修正（auのみ）
・操作メニューの「Google一発検索」「終了」を数字キーで選択した時の不具合を修正(auのみ)
・メモリ不足の不具合を改善(DoCoMoのみ)

サーバ側の修正を行いました（アプリのバージョンアップ不要）
・通信失敗を軽減
・一部Cookieが正常に受け取れなかった問題を修正
・一部文字化けを修正"
2004-12-16,お知らせ,本日(12/16)の23:00から放映される「ワールドビジネスサテライト(テレビ東京系列)」のコーナー「トレンドたまご」にてjigが紹介されます。是非ご覧ください。
2004-12-16,お知らせ,"jigブラウザの最新版を公開しました。最新バージョンは2.0.8となっております。DoCoMoはバージョンアップを、auは再ダウンロードをお願いします。

・通信エラー時に、リトライダイアログを表示するように変更
・画像保存で縦横に若干隙間が出来ていた不具合を修正
・一部画像で画像表示・保存・待受設定ができなかった不具合を修正
・P/N900iでのリソース不足を改善"
2004-12-16,お知らせ,12/29～1/4はお問い合わせの対応が停止します｡12/28の17:00以降のお問い合わせへの返信は1/5となりますのでご了承ください｡
2004-12-17,お知らせ,"jigブラウザの最新版を公開しました。最新バージョンは3.0.0となっております。今回は、アプリのバージョンを揃える為に強制バージョンアップとなりますのでご了承ください。DoCoMoはバージョンアップを、auは再ダウンロードをお願いします。

・[MENU]に「検索」を追加（詳細は[MENU]→[HELP]→「各機能詳細」参照）
　Google検索、Yahoo検索、Amazon商品検索、バーコード商品検索（Docomoのみ）、CCコード、JWord検索、国語辞書、英和和英辞書、乗換案内、地図
・操作メニュー変更
　「Google一発検索」を「このページを和訳」に変更（※翻訳後のページでは、画像が一部表示されない場合がございます）
・操作メニューに「画像保存」を追加（auのみ）
　※au版はKDDIの定めたEZアプリの仕様上、DoCoMo版とは異なり、アプリ上で画像保存をすることができません。
　EZwebに切り替えて画像URLにアクセスするかたちとなりますのでご了承ください。
　（サイズが大きな画像は表示されない場合がございます）
・N/P900iでのリソース不足改善
・画像保存時のサイズ調整関連の不具合を修正"
2004-12-17,お知らせ,"PCからのオンライン決済で、一部エラーが起こっておりました。大変申し訳ございません。決済が完了したのにjigブラウザが使えないという方は、お手数なのですが下記の情報をお送りください。なお、現在は修正済みでございます。
・クレジットカードの方：クレジットカード決済時の「お名前」「メールアドレス」「お電話番号」「jigブラウザお客様番号」
・WebMoneyの方：「WebMoneyの管理番号」「決済日」「jigブラウザお客様番号」
 ※管理番号とは、決済番号とは別にWebMoneyカードの右下に記載されている番号です"
2004-12-21,お知らせ,"携帯電話向け番組視聴サービス「jigチャンネル」β版を開始しました。無料のアプリですので是非お試しください。
http://ch.jig.jp/
※対応機種はDoCoMoのみとなっております。ダウンロードはi-modeブラウザでお願いします。"
2004-12-21,お知らせ,"jigブラウザの最新版を公開しました。最新バージョンは3.0.2となっております。DoCoMoはバージョンアップを、auは再ダウンロードをお願いします。

・一部ページでエラーダイアログが出る不具合を修正"
2004-12-21,お知らせ,"jigブラウザの最新版を公開しました。最新バージョンは3.0.1となっております。DoCoMoはバージョンアップを、auは再ダウンロードをお願いします。

・画像にカーソルをあわせたときに、ALT属性が表示されない不具合を解消
・大文字HTTPがあるページが表示できない不具合を修正
・操作メニューの待受設定でのサイズ変更を削除(DoCoMoのみ)
・N/P900iで待受画像がデフォルトに戻ってしまう不具合を修正
・N/P900iでのリソース不足を改善"
2004-12-24,お知らせ,2004/12/24 21:03～22:03、サーバの一台に障害が発生し、お客様番号の末尾2004のお客様がご利用いただけない状態となっておりました。現在は復旧しております。ご迷惑おかけし申し訳ありませんでした。原因の究明と、再発防止に努めます。
2004-12-24,お知らせ,"jigブラウザの最新版を公開しました。最新バージョンは3.0.3となっております。DoCoMoはバージョンアップを、auは再ダウンロードをお願いします。

・一部ページでの処理速度向上
・RSSの全既読化選択後にNEWアイコンが消えない不具合を修正
・AU版でメモリ不足により接続できなくなる不具合を改善
・乗換案内で入力時刻が反映されない不具合を修正"
2004-12-24,お知らせ,銀行及び郵便のお振込みですが、年内の登録処理は12/28の15:00までにお振込みの分までとさせていただきます。それ以降のお振込みの登録処理は1/5となりますのでご了承ください。なお、クレジットカード及びWebMoneyの登録処理は年末年始でも即日行われます。
2004-12-28,お知らせ,"jigブラウザの最新版を公開しました。最新バージョンは3.0.4となっております。DoCoMoはバージョンアップを、auは再ダウンロードをお願いします。

・画像のALT属性が表示されない不具合を修正
・接続中の砂時計画像が動かない不具合を修正
・AU版でメモリ不足により強制終了する不具合を修正"
2005-10-01,決済サービスの不具合に関して,"決済サービスの不具合に関して
2005年10月1日(土)0:30～3:40の間の一部のお客様において決済が失敗することがある不具合がありました。ご迷惑おかけし大変申し訳ありません。また、月額利用料金が旧価格である1,050円にて決済されたお客様においても、実際には月額630円が適応されます。よろしくお願いいたします。
"
2005-10-01,jigブラウザ月額利用料金改定のお知らせ,"jigブラウザ月額利用料金改定のお知らせ
本日、10/1（土）からjigブラウザの月額利用料金を1,050円から525円に値下げ致します。
※月額利用料金で登録済みの方は、10月分会費より525円になります。
※年間利用料金の変更はありません。
"
2005-10-03,お客様番号の末尾が1024のお客様へ,お客様番号の末尾が1024のお客様へ。10/3 23:00-23:42の間、サーバ障害によりご利用いただけない状況となっておりました。大変申し訳ありません。今後の再発の防止と、迅速な復旧を行うよう努めさせていただきます。この度はご迷惑おかけし誠に申し訳ありませんでした。
2005-10-03,jigブラウザ2βVer0.1.1リリース,"jigブラウザ２βの最新版を公開しました。バージョンは0.1.1となっております。
DoCoMoの方はバージョンアップを、auの方は再ダウンロードをお願いします。

・SH900iのクリアキーに対応
・jigブラウザ２β起動チェックの際に通信を失敗した場合、「通信失敗」と表示するように変更
・jigletVMを高速化
・jiglet開発キットのドキュメントを修正、サンプルコードを追加
・バージョン番号を訂正
"
2005-10-03,クレジットカード決済、WebMoney決済の不具合について,"10/1 0:00～10/2 10:30ごろまでの間、PCオンライン決済でクレジットカード決済で購入された際のjigブラウザの登録処理が完了しておりませんでした。
現在では正常に登録できるようになっております。
上記の時間帯にPCオンライン決済でクレジットカード決済を行い、現在もjigブラウザが未入金状態だという方は弊社サポートまでお問合せください。
こちらで登録処理をさせていただきます。
その際にはクレジットカード決済で決済完了時に表示されるURLをあわせて送ってください。

10/1 0:00～10/3 11:00ごろまでの間、WebMoney決済で購入された際のjigブラウザの登録処理が完了しておりませんでした。
現在では正常に登録できるようになっております。
上記の時間帯にWebMoney決済を行い、現在もjigブラウザが未入金状態だという方は弊社サポートまでお問合せください。
こちらで登録処理をさせていただきます。
その際には使用したWebMoneyの管理番号をあわせて送ってください。
※管理番号とは、決済番号とは別にWebMoneyカードの右下に記載されている番号です

この度はご迷惑おかけし誠に申し訳ありませんでした。
今後の再発の防止と、迅速な復旧に努めさせていただきます。"
2005-10-03,Edy決済の不具合について,"10/1 0:00～10/3 14:00ごろまでの間、Edy決済で購入された際のjigブラウザの登録処理が完了しておりませんでした。
現在では正常に登録できるようになっております。
上記の時間帯にEdy決済を行い、現在もjigブラウザが未入金状態だという方は弊社サポートまでお問合せください。
こちらで登録処理をさせていただきます。
その際にはEdy決済でご利用したメールアドレスを合わせてご記入ください。

この度はご迷惑おかけし誠に申し訳ありませんでした。
今後の再発の防止と、迅速な復旧に努めさせていただきます。"
2005-10-03,jigブラウザVer5.1.7リリース,"jigブラウザの最新版を公開しました。バージョンは5.1.7となっております。
DoCoMoの方はバージョンアップを、auの方は再ダウンロードをお願いします。

【DoCoMo 901i/900iシリーズ、auのみ】
・リンククリック後、通信中にもう一度リンクをクリックした場合の不具合を修正
・通信中に文章ビューに切り替えたとき、ソフトキーの表示と機能が異なる不具合を修正
・タスクを閉じた直後にRSSを選択すると強制終了する不具合を修正
・RSSでタッチパネルに反応しない不具合を修正"
2005-10-03,jigブラウザ月額利用料金改定のお知らせの誤りについて,"以前に出したお知らせで変更後の月額利用料金が間違って記載されていました。
お客様には誤解を招いてしまったことを深くお詫びいたします。
正しくは以下の通りになります。

10/1（土）からjigブラウザの月額利用料金を1,050円から630円に値下げ致しました。 
※月額利用料金で登録済みの方は、10月分会費より630円になります。 
※年間利用料金の変更はありません。"
2005-10-04,jigブラウザ2βVer0.1.2リリース,"jigブラウザ２βの最新版を公開しました。バージョンは0.1.2となっております。
DoCoMoの方はバージョンアップを、auの方は再ダウンロードをお願いします。

・設定メニューに「アプリ終了」を追加
・ブラウザの設定＞その他設定に「タスク切替設定」を追加
・設定メニューの壁紙設定に「初期画像に戻す」を追加
・任意のRSSを10件まで登録できるように変更
・画像保存時にサイズ変更できない不具合を修正
・Yahoo!検索が正常に動作しない不具合を修正
・待受アプリに設定しているときの電池消耗を改善
・通信中のタブを閉じると画面下にURLが消えない不具合を修正
・アクセス中にリンククリックするとエラーが表示される不具合を修正
・RSSの新着記事を開いた後、再びRSSを選択しないと新着マークが消えない不具合を修正
・RSSの記事表記を修正
・閉じると待ち受け状態に移行するように変更（DoCoMoのみ）"
2005-10-04,jigブラウザVer5.1.8リリース,"jigブラウザの最新版を公開しました。最新バージョンは5.1.8となっております。
DoCoMoの方はバージョンアップを、auの方は再ダウンロードをお願いします。

【DoCoMo 901i/900iシリーズ、au】
・Yahoo!検索が正常に動作しない不具合を修正
・リンククリック直後に、MENUからページジャンプすると違うページが表示される不具合を修正

【DoCoMo 701i/700i/506i/505iシリーズ、premini-IIシリーズ】
・Yahoo!検索が正常に動作しない不具合を修正

◇サーバ側
・一部の自動遷移リンクの動作不具合を修正
"
2005-10-04,お客様番号の末尾が1024のお客様へ,お客様番号の末尾が1024のお客様へ。10/4 3:14-3:48の間、再びサーバ障害によりご利用いただけない状況となっておりました。大変申し訳ありません。近日中にサーバの移行処理を行うことに致します。この度はご迷惑おかけし誠に申し訳ありませんでした。
2005-10-05,お客様番号の末尾が1016のお客様へ,"お客様番号の末尾が1016のお客様へ。2005/10/5 4:03～4:32、サーバのハードディスクに障害が発生し、お客様番号の末尾1016のお客様がご利用いただけない状態となっておりました。現在は復旧しております。ご迷惑おかけし申し訳ありませんでした。
"
2005-10-07,jigブラウザご利用についてのお知らせ,"jigブラウザご利用についてのお知らせ
昨日、jigブラウザご利用のお客様が2chにて『あらし行為』を行った為、現在jigブラウザより2chへの書き込みが出来なくなっております。現在、2chへ解除依頼をお願いしております。今しばらくお待ちくださいませ。
この度はご迷惑おかけし誠に申し訳ありませんでした。
なお、該当のお客様に対してはjigブラウザの利用を停止させて頂きました。"
2005-10-07,jigブラウザ2βVer0.1.3リリース,"jigブラウザ２βの最新版を公開しました。バージョンは0.1.3となっております。
DoCoMoの方はバージョンアップを、auの方は再ダウンロードをお願いします。

・ブラウザやRSSを起動すると強制終了する不具合を修正
・ブラウザのページ情報でフリーズする不具合を修正
・F901iCで乗換案内jigletが正常に動作しない不具合を修正
・RSSで記事を削除できない不具合を修正
・待受起動時にブラウザのページ情報から「ｉモードブラウザで開く」を押したときに何も反応しない不具合を修正
・メニューの高速化
・jiglet開発キットに事前確認を行うツールを追加
・auで新着RSSのアイコンが表示されない不具合を修正"
2005-10-07,サーバ側の修正,"サーバ側の変更を行いました。(アプリのバージョンアップ不要) 修正点は以下になります。

・一部の文字コード判別の不具合を修正
・フレームで分割されているページにおいて操作メニューの画像表示に失敗する不具合を修正"
2005-10-12,お客様番号の末尾が1024のお客様へ,お客様番号の末尾が1024のお客様へ。2005/10/12 4:16～8:24、サーバのハードウェアでの障害により、ご利用いただけない状態となっておりました。現在は復旧しております。ご迷惑おかけし申し訳ありませんでした。サーバの移行処置の方、実施日確定後にお知らせいたします。
2005-10-13,jigブラウザYahoo!ウォレット決済に対応,"jigブラウザがYahoo!ウォレット決済に対応しました。
Yahoo!ウォレットに登録されている方は、携帯電話のオンライン決済時にYahoo!ウォレット決済をご利用いただけます。"
2005-10-13,jigブラウザ2βVer0.1.4リリース,"jigブラウザ２βの最新版を公開しました。バージョンは0.1.4となっております。
DoCoMoの方はバージョンアップを、auの方は再ダウンロードをお願いします。

・設定メニューに携帯電話を閉じた場合の「休止設定」を追加
・ブラウザのショートカットに「Google和訳」を追加
・ブラウザの操作メニューに「文章コピー」を追加、「このページを和訳」を削除
・設定メニュー「待受状態に戻る」が正常に動作しない不具合を修正
・auで電源キー押下で中断画面が出ない不具合を修正
・ブラウザでメモリ不足時に画面が真っ白になる不具合を修正
・各種検索とjigletにおいて文字エンコードが正常に反映されない不具合を修正
（SearchEngine.jigletをダウンロードされている方は、一度削除したあと再度jigletをダウンロードしてください）
"
2005-10-13,jigブラウザVer5.1.9リリース,"jigブラウザの最新版を公開しました。最新バージョンは5.1.9となっております。
DoCoMoの方はバージョンアップを、auの方は再ダウンロードをお願いします。

【DoCoMo 901i/900iシリーズ、au】
・Google検索で正常に表示されないことがあった不具合を修正

【DoCoMo 701i/700i/506i/505iシリーズ、premini-IIシリーズ】
・Google検索で正常に表示されないことがあった不具合を修正
・内蔵ブラウザの起動確認画面から戻れない不具合を修正
・乗換案内で戻れない不具合を修正"
2005-10-13,サーバ障害のお知らせ,"サーバに障害が発生しておりましたため、10/13 12:40～13:19の間に再ダウンロードされたお客様は、
設定が初期化されている状態でjigブラウザが起動するという影響が出ております。
該当するお客様は、一度アプリを削除した上で再びダウンロードしてください。
この度はご迷惑おかけし誠に申し訳ありませんでした。"
2005-10-18,jigブラウザVer5.2.0リリース,"jigブラウザの最新版を公開しました。バージョンは5.2.0となっております。
DoCoMoの方はバージョンアップを、auの方は再ダウンロードをお願いします。

【DoCoMo 901i/900iシリーズ、auのみ】
・TOOL＞その他検索のGoogleローカル検索が正常に動作しない不具合を修正
・表示設定に訪問済みリンク設定を追加
・その他設定にUserAgent設定を追加

◇サーバ側
・一部の画像が表示できない不具合を修正"
2005-10-18,サーバ移行のお知らせ,お客様番号の末尾が1021～1030のお客様へ。サーバ移行により、2005年10月21日(金)10:00～12:00の間、10分から1時間程度jigブラウザがご利用頂けません。ご迷惑おかけ致しますが、宜しくお願い申し上げます。
2005-10-20,お客様番号の末尾が1024のお客様へ,"お客様番号の末尾が1024のお客様へ。2005/10/20 21:00～21:48、サーバのハードウェアでの障害により、ご利用いただけない状態となっておりました。現在は復旧しております。ご迷惑おかけし申し訳ありませんでした。明日サーバ移行を実施する予定です。
"
2005-10-21,jigブラウザ2βVer0.1.5リリース,"jigブラウザ２βの最新版を公開しました。バージョンは0.1.5となっております。
DoCoMoの方はバージョンアップを、auの方は再ダウンロードをお願いします。

・画像保存時に白い隙間ができる不具合を修正
・お気に入りのクエリーが正常に動作しない不具合を修正
・au端末で文章コピー選択後にフリーズする不具合を修正
・フォルダ移動画面で一部フォルダが表示されない不具合を修正
・文章ビューからページの進む・戻るを選択するとフリーズする不具合を修正
・デスクトップに追加したRSSアイコンのチャンネルが反映されない不具合を修正
・文章ビューでの画面レイアウトの改善
・文章ビューでのスクロール速度の高速化
・通信中、展開中の画面下の表示を変更
・アイコンがないjigletの場合にデフォルトのjigletアイコンを表示するように変更

◇jiglet
・乗換案内jigletで指定時刻が反映されない不具合を修正
・SearchEnginejigletのGoogle日本語検索において文字エンコードが正常に反映されない不具合を修正
(上記に関するjigletをダウンロードされている方は、一度削除したあと再度jigletをダウンロードしてください)"
2005-10-24,jigブラウザVer5.2.1リリース,"jigブラウザの最新版を公開しました。最新バージョンは5.2.1となっております。
DoCoMoの方はバージョンアップを、auの方は再ダウンロードをお願いします。

【DoCoMo 901i/900iシリーズ、au】
・P900i/N900iでの画像読み込み量を調整
・待受起動中に活性化させるとエラーが出る不具合を修正
・履歴閲覧中にページが更新された場合、選択した履歴とは異なるページが表示される不具合を修正
・TOOLのGoogle日本語検索で正常に動作しない不具合を修正
・同じ日付の履歴が表示される不具合を修正

【DoCoMo 701i/700i/506i/505iシリーズ、premini-IIシリーズ】
・TOOLのGoogle検索で正常に動作しない不具合を修正"
2005-10-24,サーバ移行のお知らせ,お客様番号の末尾が1002～1006のお客様へ。サーバ移行により、2005年10月31日(月)11:00～12:00の間、10分から1時間程度jigブラウザがご利用頂けません。ご迷惑おかけ致しますが、宜しくお願い申し上げます。
2005-10-31,クレジットカード月額登録の決済時期の変更,"2005年9月30日以前にクレジットカード月額利用料金で登録された方へ

2005年9月30日以前にクレジットカード月額利用料金で登録された方は、弊社のクレジットカード決済システムの変更により決済時期に変更がございますのでご連絡いたします。
今までご利用月の翌月に行われていた決済が、ご利用月の決済へ変更になります。
例）変更前　11月分ご利用料金→12月決済
　　変更後　11月分ご利用料金→11月決済

10月分のご利用料金と11月分のご利用料金が共に11月に決済されますが料金が二重に発生しているわけではございませんのでご安心ください。
誠に勝手ではございますが、ご理解のほどよろしくお願いいたします。"
2005-11-03,お客様番号の末尾が1031のお客様へ,"お客様番号の末尾が1031のお客様へ。11/3 22:36～23:06の間、ハードディスク故障によりご利用いただけない状況となっておりました。大変申し訳ありません。今後の再発の防止と、迅速な復旧を行うよう努めさせていただきます。この度はご迷惑おかけし誠に申し訳ありませんでした。
"
2005-11-04,iモードサイト大賞2005ノミネートについて,"iモードサイト大賞2005ノミネートについて
jigブラウザが、月刊情報誌『iモードスタイル』編集部主催の「iモードサイト大賞2005」の「一般サイト部門」20サイトの1つにノミネートされました。
投票は『iモードスタイル』ケータイサイトhttp://sb-v.net/is/で行えますので、よろしければご投票ください。"
2005-11-07,サーバ障害のお知らせ,お客様番号の末尾が1012のお客様へ。11/7 16:28-17:03の間、ハードディスク障害によりご利用いただけない状況となっておりました。大変申し訳ありません。今後の再発の防止と、迅速な復旧を行うよう努めさせていただきます。この度はご迷惑おかけし誠に申し訳ありませんでした。
2005-11-07,サーバ側の修正,"サーバ側の変更を行いました。(アプリのバージョンアップ不要)修正点は以下になります。
・一部画像の取得タイミングの調整によりレイアウトデータ及び文章データ取得速度の高速化
(jigブラウザバージョン5.2.1以上、2βバージョン0.1.5以上に適用)
・フレームのあるページでの画像が一部表示されない不具合を修正
・ソーシャル・ネットワーキングサイト mixi(ミクシィ)における「マイミクシィ最新日記」「もっと読む」内のJavaScriptに対応"
2005-11-08,サーバ側の修正,"サーバ側の変更を行いました。(アプリのバージョンアップ不要) 修正点は以下になります。

・レイアウトデータ及び文章データ取得の高速化措置を停止し従来方式に変更（一部サーバの動作が不安定になっている原因の可能性があるため）
・RSSチャンネルが追加できない不具合の修正
・更新の停止した「gooニュース 市場」「gooニュース 気象」をRSSチャンネル一覧から削除"
2005-11-08,jigブラウザ2βVer0.1.6リリース,"jigブラウザ２βの最新版を公開しました。バージョンは0.1.6となっております。
DoCoMoの方はバージョンアップを、auの方は再ダウンロードをお願いします。

・文章ビューでニューロポインタを使用すると表示が重なる不具合を修正
・N900/P900で画像読み込み時にメモリ不足で強制終了する不具合を修正
・「戻る」を２回連続で選択するとフリーズする不具合を修正
・jigletの高速化
・画像送信に対応
・ショートカット機能に、ページアップ・ページダウン・ページ下端・文章コピー・レイアウト設定、を追加
・SHIFTショートカット機能の追加
・画像保存時のサイズ指定で4桁まで入力できるように変更

◇jiglet
・SearchEngineでGoogleニュースとYahoo!検索で文字化けする不具合を修正
・SimpleGameの高速化
・jiglet開発キットβを更新"
2005-11-08,jigブラウザVer5.2.2リリース,"jigブラウザの最新版を公開しました。最新バージョンは5.2.2となっております。
DoCoMoの方はバージョンアップを、auの方は再ダウンロードをお願いします。

【DoCoMo 901i/900i、au】
・TOOLのYahoo!検索、Googleニュース検索で文字化けする不具合を修正
・N900/P900で画像読み込み時にメモリ不足で強制終了する不具合を修正
・画像保存時のサイズ指定で4桁まで入力できるように変更
・画像アップロードにおいて、選択した画像を再度クリックしキャンセルすることによって、その画像を送信しないように設定する機能を追加
【DoCoMo 701i/700i/506i/505i/premini-II】
・TOOLのYahoo!検索で文字化けする不具合を修正

◇サーバ側
・一部のフォーム送信ページで正しくページ遷移しない不具合を修正"
2005-11-09,jigブラウザ、PCからのYahoo!ウォレット決済に対応,"jigブラウザがPCからのYahoo!ウォレット決済に対応しました。
Yahoo!ウォレットに登録されている方は、PCからYahoo!ウォレット決済をご利用になれます。それに伴い、利用規約の条文改定を行いました。"
2005-11-09,jigブラウザが繋がらない現象について,"jigブラウザが繋がらない現象について
11/7 15:15から11/9 10:30の間一部サーバ負荷の高さが原因でjigブラウザが繋がりにくい状態になっておりました。本日の10:30にサーバ側を修正し、改善処理を行いました。現在サーバ負荷は問題無い状態になっておりますが、まだ問題がある可能性もございますので、引き続き調査・改善を行ってまいります。この度はご迷惑おかけし誠に申し訳ありませんでした。"
2005-11-10,現在リソース不足が原因による通信エラーが一部の端末にて発生しております。,現在リソース不足が原因による通信エラーが一部の端末にて発生しております。ご迷惑をおかけいたしまして申し訳ございません。現在原因の調査・修正をおこなっており、近日中にバージョンアップにて修正致しますので、修正完了までお待ち下さい。
2005-11-11,サーバ側の修正,"サーバ側の変更を行いました。(アプリのバージョンアップ不要) 修正点は以下になります。

・実体参照のmiddotに対応
・902iシリーズでMIDI、MLDが試聴できない不具合の修正
・一部のテーブルが表示できない不具合の修正
・ページタイトルの一部の文字が、DoCoMoのSHシリーズ、auの端末において文字化けすることがある不具合を修正"
2005-11-11,jigブラウザVer5.2.3リリース,"jigブラウザの最新版を公開しました。最新バージョンは5.2.3となっております。
DoCoMoの方はバージョンアップを、auの方は再ダウンロードをお願いします。

【DoCoMo 901i/900i、auのみ】
・P900/N900でリソース不足が多発する不具合を修正
・設定の設定リセットで太字設定、UserAgent設定、訪問済みリンク設定をリセットするよう修正"
2005-11-15,jigブラウザVer5.2.4リリース,"jigブラウザの最新版を公開しました。最新バージョンは5.2.4となっております。
DoCoMoの方はバージョンアップを、auの方は再ダウンロードをお願いします。

【DoCoMo 902i/901i/900i、au】
・F902i/D902iで一部サイトの表示が重くなる不具合を修正
・画像読み込み中に画面がスクロールしなくなる不具合を修正"
2005-11-16,jigブラウザ2βVer0.1.7リリース,"jigブラウザ２βの最新版を公開しました。バージョンは0.1.7となっております。
DoCoMoの方はバージョンアップを、auの方は再ダウンロードをお願いします。

・デスクトップの設定にタスク保存を追加
・F902i/D902iで一部サイトで処理が遅くなる不具合を修正
・エラー表示画面で再読込できない不具合を修正

◇jiglet
・アドレス帳jigletで電話機能をキャンセルできない不具合を修正
(上記に関するjigletをダウンロードされている方は、一度削除したあと再度jigletをダウンロードしてください)

◇サーバ側
・ギリシャ文字と数学記号の実体参照に対応
・文字コード判定を修正
"
2005-11-18,jigブラウザVer5.2.5リリース,"jigブラウザの最新版を公開しました。最新バージョンは5.2.5となっております。
DoCoMoの方はバージョンアップを、auの方は再ダウンロードをお願いします。

【DoCoMo 902i/901i/900i、au】
・N901i/P901iでメモリ不足でエラー終了する不具合を修正
・アラート機能で新着通知を受信できる「livedoorブログ検索」を「その他検索」に追加
・展開処理の高速化

【DoCoMo 701i/700i/506i/505i/premini-II】
・展開処理の高速化"
2005-11-22,jigブラウザ2βVer0.1.8リリース,"jigブラウザ2βの最新版を公開しました。バージョンは0.1.8となっております。
DoCoMoの方はバージョンアップを、auの方は再ダウンロードをお願いします。

・画像読込時にメモリ不足で強制終了することのある不具合を修正
・通信中に他タスクに切り替えてお気に入りを選択するとフリーズする不具合を修正
・操作メニューの画像保存選択時にメモリ不足で強制終了することのある不具合を修正
・縮小ビューでカーソルを動かした時に一部が表示が消える不具合を修正
・一部jigletが正常に動作しない不具合を修正"
2005-11-25,jigブラウザVer5.2.6リリース,"jigブラウザの最新版を公開しました。最新バージョンは5.2.6となっております。
DoCoMoの方はバージョンアップを、auの方は再ダウンロードをお願いします。

【DoCoMo 902i/901i/900i、au】
・タスクを閉じたときに画像が表示されないことのある不具合を修正
・MENUからタスクを閉じたときに違うタスクが表示される不具合を修正
・コードコム検索とJWORD検索の初期入力モードを修正

【DoCoMo 701i/700i/506i/505i/premini-II】
・TOOLにGoogleローカル検索を追加
・パケット料金計算に画像取得のパケット代が含まれない不具合を修正"
2005-11-25,WILLCOM版jigブラウザ提供開始,"WILLCOM端末対応のjigブラウザの提供を開始しました。
ダウンロードは下記の方法で行えます。
・CLUB AIR-EDGE→インターネット→無線LAN/ツール→jigブラウザ
・URL http://br.jig.jp/ と入力
対応端末はWILLCOM WX310SAのみとなっております。
WILLCOM公式課金でご利用になれます。
これに伴い、利用規約の条文改定を行いました。"
2005-11-28,jigブラウザVer5.2.7リリース,"jigブラウザの最新版を公開しました。最新バージョンは5.2.7となっております。
バージョンアップをお願いします。

【DoCoMo 701i/700i/506i/505i/コンセプトモデル】
・RSSが更新されない不具合を修正"
2005-11-28,サーバ障害のお知らせ,お客様番号の末尾が1027のお客様へ。11/27 20:08～11/28 10:20の間、ハードウェア障害によりご利用いただけない状況となっておりました。発見が遅くなり大変申し訳ありません。迅速な復旧が行えるような体制作りを致します。この度はご迷惑おかけし誠に申し訳ありませんでした。
2005-12-01,クレジット決済サービスメンテナンスのお知らせ,"2005年12月6日（火）AM4:30～AM4:31、AM5:00～AM5:01の間、クレジット決済サービスメンテナンスのため、クレジット決済がご利用頂けません。
ご迷惑をおかけ致しますが、宜しくお願い申し上げます。"
2005-12-05,サーバ側の修正,"サーバ側の変更を行いました。(アプリのバージョンアップ不要) 修正点は以下になります。

・ハイフンで終わるホスト名を含むURLにアクセスできない不具合を修正
"
2005-12-06,サーバ障害のお知らせ,"12/6 13:27～13:45の間、サーバの不具合により、以下のサービスが提供できなくなっておりました。
・jigブラウザのダウンロード、及び再ダウンロード
・「jigブラウザPCサイト」の閲覧
・「jigブラウザ携帯サイト」の閲覧
・jigブラウザRSS利用による弊社からのお知らせの閲覧
今後は、再発の防止と迅速な復旧を行うよう努めさせていただきます。この度はご迷惑おかけし誠に申し訳ありませんでした。"
2005-12-09,jigブラウザ2βVer0.1.9リリース,"jigブラウザ2βの最新版を公開しました。バージョンは0.1.9となっております。
DoCoMoの方はバージョンアップを、auの方は再ダウンロードをお願いします。

・ブラウザのMENU＞URLに「URL編集」機能を追加
・待受アプリから内蔵ブラウザを起動できるように変更(※DoCoMo 902iのみ)
・jigletに振動、音声再生のAPIを追加
・jiglet開発キットのバージョンアップ
"
2005-12-13,jigブラウザVer5.2.9リリース,"jigブラウザの最新版を公開しました。最新バージョンは5.2.9となっております。
DoCoMoの方はバージョンアップを、auの方は再ダウンロードをお願いします。

【DoCoMo 902i/901i/900i、au】
・一部のお気に入りが表示されない不具合を修正"
2005-12-13,jigブラウザVer5.2.8リリース,"jigブラウザの最新版を公開しました。最新バージョンは5.2.8となっております。
DoCoMoの方はバージョンアップを、auの方は再ダウンロードをお願いします。

【DoCoMo 902i/901i/900i、au】
・N902iで画像保存後にニューロポインタが正常に機能しなくなる不具合を修正
・メニューの処理速度の改善

【DoCoMo 701i/700i/506i/505i/prosolid II/premini-II】
・SA700iSのパソコンモードで横に長い文章の一部が表示できない不具合を修正
・N700iでバーコード読込後に近くのリンクにカーソルが移動する不具合を修正"
2005-12-13,MobileEdy決済不具合のお知らせ,2005年12月13日(火)15時45分よりビットワレット社側のシステム障害により、Mobile Edy決済が正常に行えない状態となっておりましたが、ビットワレット社側の復旧作業が完了致しました。現在は正常にサービスが行える状態になっております。宜しくお願い致します。
2005-12-14,jigブラウザVer5.3.0リリース,"jigブラウザの最新版を公開しました。最新バージョンは5.3.0となっております。
DoCoMoの方はバージョンアップを、auの方は再ダウンロードをお願いします。

【DoCoMo 902i/901i/900i、au】
・メニューの処理速度の改善

◇サーバ側
・利用期限が近付いた際にお知らせを表示するように変更
・RSSリーダーで記事を取得できなくなることがある不具合を修正"
2005-12-15,jigブラウザ２β 不具合修正のお知らせ,"jigブラウザ２βにおいて、MENU項目の「お気に入り」「URL」からページを取得する際、現在閲覧中のページのURLがリファラとして送出される不具合が発見されました。大変申し訳ありません。

それにともない、jigブラウザ２βの修正版を公開しました。バージョンは0.2.0となっております。
今回は、先述の不具合の修正の為に強制バージョンアップとなりますのでご了承ください。
DoCoMoの方はバージョンアップを、auの方は再ダウンロードをお願いします。 

今回発見された不具合はjigブラウザ2βのみで発生したもので、jigブラウザでは発生致しません。
今後、より一層の動作チェックを行い再発防止に努めさせていただきます。この度はご迷惑をおかけして誠に申し訳ありませんでした。"
2005-12-16,アフィリエイトプログラム「jigパートナー」開始,"新サービスの「jigパートナー」を開始しました。
jigパートナーとは、jig.jpオリジナルのアフィリエイトプログラムです。
個人・法人を問わず登録でき、登録者のサイト用にカスタマイズしたjig.jpのサービスを提供できるようになります。また、そのサイト経由で購入が発生した場合は、それに応じてポイントが付与され、一定ポイントを超えると換金することができます。
詳しくは http://partner.jig.jp/ にパソコンよりアクセスしてください。"
2005-12-16,jigブラウザ２βVer0.2.1リリース,"jigブラウザ２βの最新版を公開しました。バージョンは0.2.1となっております。
DoCoMoの方はバージョンアップを、auの方は再ダウンロードをお願いします。

・タスク保存設定が「保存する」の場合、空白ページで終了した後に起動するとエラーページが表示される不具合を修正
・一部のjigletで画像が表示できない不具合を修正
・jigletにダウンロードしたサーバとの通信機能を追加
・ttp://リンクに対応"
2005-12-20,クレジット決済サービスメンテナンスのお知らせ,2005年12月27日(火)AM7：15～AM7：17の間、クレジット決済サービスメンテナンスのため、クレジット決済がご利用頂けません。ご迷惑をおかけ致しますが、宜しくお願い申し上げます。
2005-12-20,Edy決済サービスメンテナンスのお知らせ,2005年12月21日（水）AM2:00～ AM7:00の間、Edyセンター定期メンテナンスのためEdy決済がご利用頂けません。ご迷惑をおかけ致しますが、宜しくお願い申し上げます。
2005-12-20,お客様番号の末尾が1031のお客様へ,お客様番号の末尾が1031のお客様へ。12/20 4:10～5:52の間、ハードディスク故障によりご利用いただけない状況となっておりました。大変申し訳ありません。今後の再発の防止と、迅速な復旧を行うよう努めさせていただきます。この度はご迷惑おかけし誠に申し訳ありませんでした。
2005-12-21,jigブラウザVer5.3.1リリース,"jigブラウザの最新版を公開しました。最新バージョンは5.3.1となっております。
DoCoMoの方はバージョンアップをお願いします。

【DoCoMo 902i/901i/900i】
・設定に待受設定(待受画像設定、RSS更新表示設定、カレンダー表示設定)を追加

【DoCoMo 701i/700i/506i/505i/prosolid II/premini-II】
・URL履歴で2件しか保存できない不具合を修正
・通信中にMENUが表示できるように変更
・画像保存時に、原寸で保存可能な場合は原寸で保存するように変更
"
2005-12-26,jigブラウザVer5.3.2リリース,"jigブラウザの最新版を公開しました。最新バージョンは5.3.2となっております。
DoCoMoの方はバージョンアップをお願いします。

【DoCoMo 701i/700i/506i/505i/Music Porter II/prosolid II/premini-II】
・画像読込中にページジャンプを行うと空白ページが表示される不具合を修正
・ショートカットにGoogleローカルを追加"
2005-12-27,年末年始の営業に関して,"年末年始「12/30(金)～1/4(水)」の営業に関して、下記のように案内させていただきます。

[お問い合わせの対応]
12/30(金)～1/4(水)まで停止致します。12月中に返信が必要な場合は12/29(木)の17:00までにお願い致します。
休暇中のお問い合わせへの返信は1/5(木)となります。
※混みあっている場合多少お時間をいただきますが、1/5(木)中に返信致します。

[銀行・郵便振込の登録処理]
12/30(金)～1/04(水)まで停止致します。12月中に登録処理が必要な場合は12/29(木)の15:00までにお振込みをお願い致します。
休暇中のお振込みの登録処理は1/5(月)となります。

[クレジットカード/Edy/Yahoo!ウォレット/WebMoney(コンビニ払い)/WILLCOM公式課金の登録処理]
通常どおり即日行われます。

[jigブラウザの利用]
通常どおりご利用いただけます。

誠に勝手ではございますが宜しくお願い致します。"
2005-12-27,サーバ側の修正,"サーバ側の変更を行いました。(アプリのバージョンアップ不要) 修正点は以下になります。

・一部ボタンのJavaScriptに対応
・一部クリッカブルマップが正常に動作しない不具合を修正
・一部のページが正常に表示されない不具合を修正"
2005-12-28,jigブラウザ2βVer0.2.2リリース,"jigブラウザ2βの最新版を公開しました。バージョンは0.2.2となっております。
DoCoMoの方はバージョンアップを、auの方は再ダウンロードをお願いします。

・jigletのバージョンアップ機能を追加
・一部jigletが正常に動作しない不具合を修正

◇jiglet
・SearchEngineで文字化けする不具合を修正

◇jiglet開発キット
・ドキュメントに日付に関する記述を追加"
2006-10-01,Yahoo!ウォレット決済不具合について,現在、SoftBankの携帯電話からYahoo!ウォレットで正常に購入できない不具合が起きております。現在、原因を調査中であり、不具合の改善が確認できましたら再度お知らせ致します。
2006-10-01,jigブラウザの購入失敗について,9/30(土)23:30～10/1(日)1:00、弊社サーバの不具合により、PCオンライン決済及びソフトバンク(ボーダフォン)通話料合算払いによる購入が正常に行えない状態となっておりました。現在は復旧し正常にご利用いただけます。この度はご迷惑をおかけし、誠に申し訳ありませんでした。
2006-10-02,jigブラウザver7.2.4リリース,"jigブラウザの最新版を公開しました。最新バージョンは7.2.4となっております。 
DoCoMoの方はバージョンアップを、auの方は再ダウンロードをお願いします。
【DoCoMo 902i/901i/900iシリーズ/F702iD、au】
・新タスクを開いた時、ホームが表示されることがある不具合を修正
・新タスクを開いた時、画像が表示されない不具合を修正
・jiglet起動中にMENUを選択し左キーを押すと、トップに戻ってしまう不具合を修正

【DoCoMo 800i/702i/701i/700i/506i/505i/コンセプトモデル】
・TOOL＞ウェブ検索の初期入力モードをかな方式に変更"
2006-10-02,Yahoo!ウォレット決済不具合復旧のお知らせ,Yahoo!側決済システムの不具合のため、SoftBankの携帯電話からYahoo!ウォレットで正常に購入できない不具合が起きておりました。10/1(日)5:00頃復旧し、現在は正常にご利用いただけます。この度はご迷惑をおかけし誠に申し訳ありませんでした。
2006-10-05,jigブラウザver7.2.5リリース,"jigブラウザの最新版を公開しました。最新バージョンは7.2.5となっております。
SoftBankの方は再ダウンロードをお願いします。  
・新タスクを開いた時、ホームが表示されることがある不具合を修正
・新タスクを開いた時、画像が表示されない不具合を修正
・jiglet起動中にMENUを選択し左キーを押すと、トップに戻ってしまう不具合を修正"
2006-10-06,jigletコンテスト開催,"「jiglet contest 2006 autumn」を開催致します。
「jiglet contest 2006 autumn」とは、一般開発者の方々にオリジナルjigletを製作していただくコンテストです。コンテストの開催期間は、10月1日～11月30日になります。コンテスト入賞者には、jigブラウザのライセンスをプレゼント致します。
jigletコンテストの詳細は、http://jiglet.jp/contest.htmlをご覧下さい。"
2006-10-06,サーバ障害復旧のお知らせ,お客様番号の末尾が1032のお客様へ。10/6(金)4:35～6:10、ハードウェア障害によりご利用いただけない状況となっておりました。大変申し訳ありません。現在は復旧し正常にご利用いただけます。この度はご迷惑をおかけし誠に申し訳ありませんでした。
2006-10-06,サーバ障害のお知らせ,"お客様番号の末尾が1032のお客様へ。サーバのハードウェア障害のためご利用いただけない状況となっております。ご迷惑をおかけ致しており大変申し訳ありません。現在、復旧作業を行っております。復旧が確認できましたら再度お知らせ致しますので、何卒よろしくお願い致します。
"
2006-10-07,お客様番号の末尾が1015のお客様へ,お客様番号の末尾が1015のお客様へ。10/7(土)10:31～11:10、ハードウェア障害によりご利用いただけない状況となっておりました。現在は復旧し正常にご利用いただけます。この度はご迷惑をおかけし誠に申し訳ありませんでした。
2006-10-10,SoftBank PCサイトブラウザ搭載機種にjigブラウザが対応,"SoftBank PCサイトブラウザ搭載機種にjigブラウザが対応しました。811SH、810SHの大画面、VGA液晶に対応する事でパソコンサイトを広範囲で表示する事が可能になり、従来と比べ、より快適にサイトを閲覧できます。ただし、PCサイトブラウザ搭載機種では、ソフトバンク通話料合算払いがご利用になれませんので、該当機種へ機種変更する場合は、一旦退会された後、他のお支払い方法にて再登録していただく必要がございます。その際、ソフトバンク通話料合算払いでお支払い済みの利用期間を延長致しますので、弊社サポート窓口 jigbsupport@jig.jp までご連絡下さい。
jigブラウザは、「Yahoo!ケータイ」→「メニューリスト」→「検索・一般サイト」→「ゲームチャンネル」→「jigブラウザ」または、http://br.jig.jp/よりダウンロードいただけます。
※今回追加される対応機種は、910T、811SH、810SHとなります。
※対応機種のページに705Pが掲載されておりますが、現在ダウンロードできない状態です。ご迷惑をお掛けしておりまして申し訳ございません。対応しましたら、お知らせで告知致します。"
2006-10-10,jigブラウザver7.2.6リリース,"jigブラウザの最新版を公開しました。最新バージョンは7.2.6となっております。
【WILLCOM W-ZERO3シリーズ】 
・新タスクを開いた時、ホームが表示されることがある不具合を修正
・新タスクを開いた時、画像が表示されない不具合を修正
・jiglet起動中にMENUを選択し左キーを押すと、トップに戻ってしまう不具合を修正"
2006-10-11,お客様番号の末尾が1015のお客様へ,お客様番号の末尾が1015のお客様へ。10/11(水)4:03～4:55、ハードウェア障害によりご利用いただけない状況となっておりました。サーバ移行を行い、現在は正常にご利用いただけます。この度はご迷惑をおかけし誠に申し訳ありませんでした。
2006-10-12,SoftBank 705Pご利用のお客様へ,SoftBank 705Pご利用のお客様へ。対応機種のページに掲載されておりますSoftBank 705Pでのダウンロードができない状態となっておりました。現在は復旧し正常にダウンロードができるようになっております。この度はご迷惑をおかけし誠に申し訳ありませんでした。
2006-10-12,サーバ側の修正,"サーバ側の変更を行いました。アプリのバージョンアップは不要です。
修正点は以下になります。
・正常なものとは別の画像が表示され、レイアウトが崩れてしまう不具合を修正"
2006-10-12,jigアドレス変更,"jigアドレスの変更を行いました。変更点は以下になります。
・アドレスデータのインポート機能を追加（PCからログインした時のみ）
・メールの全件削除機能を追加
・ログイン方法をメールアドレスとパスワードによるログインに変更
・jigアドレスjigletの提供開始
※jigアドレスjigletのダウンロードは、jigアドレスサービスに登録し、ログイン後のjiglet項目から行えます。"
2006-10-13,サーバメンテナンスのお知らせ,お客様番号の末尾が1032のお客様へ。サーバメンテナンスのため、10/16(月)11:00～12:00、15分から1時間程度jigブラウザがご利用いただけません。ご迷惑をおかけ致しますが、宜しくお願い申し上げます。
2006-10-17,jigベンチマークver2.0.0不具合によるお詫び,10/17(火)17:55～19:15、jigベンチマークのランキングが表示できず、ランキングを選択すると無料デモの案内表示がされる不具合が発生しておりました。現在は復旧し正常にご利用いただけます。この度はご迷惑をおかけし、誠に申し訳ありませんでした。
2006-10-17,jigベンチマークver2.0.0リリース,"jigベンチマークをバージョンアップしました。最新バージョンは2.0.0です。
修正点は以下の通りです。
・ランキング、計測履歴機能を追加
※ランキング機能より、計測結果を他キャリアと比較することができます。
・計測結果をサーバに送信できるように変更
・計測中にjigブラウザのロゴを表示するように変更"
2006-10-17,サーバ側の修正,"サーバ側の変更を行いました。アプリのバージョンアップは不要です。 
修正点は以下になります。 
・一部の画像が表示できない不具合を修正
・一部のサイトでレイアウトが崩れてしまう不具合を修正"
2006-10-19,jigブラウザ TOOLver1.0.2リリース,"jigブラウザ TOOLをバージョンアップしました。最新バージョンは1.0.2です。
修正点は以下の通りです。
・jigletの機能を追加"
2006-10-19,jigブラウザver7.2.7リリース,"jigブラウザの最新版を公開しました。最新バージョンは7.2.7となっております。
DoCoMoの方はバージョンアップを、au、SoftBank、WILLCOMの方は再ダウンロードをお願いします。
【DoCoMo 902i/901i/900iシリーズ/F702iD、au、SoftBank、WILLCOM W-ZERO3シリーズ】
・jigletの機能を追加
・jigletが音声再生に対応(SoftBank/WILLCOMのみ）
・料金プラン名の定額プランをデュアルパケット定額に変更（SoftBankのみ）
・URL編集が正常に動作しない不具合を修正（au/SoftBank/WILLCOMのみ）"
2006-10-20,Edy決済サービス緊急メンテナンスのお知らせ,10/23(月)4:00～5:00、Edyサーバ臨時メンテナンスのため、Edy決済がご利用いただけません。ご迷惑をおかけ致しますが、宜しくお願い申し上げます。
2006-10-20,サーバ障害復旧のお知らせ,お客様番号の末尾が2037のお客様へ。10/20(金)14:21～15:10、ハードウェア障害によりご利用いただけない状況となっておりました。大変申し訳ありません。現在は復旧し正常にご利用いただけます。この度はご迷惑をおかけし誠に申し訳ありませんでした。
2006-10-20,サーバ障害のお知らせ,お客様番号の末尾が2037のお客様へ。サーバのハードウェア障害のためご利用いただけない状況となっております。ご迷惑をおかけ致しており大変申し訳ありません。現在、復旧作業を行っております。復旧が確認できましたら再度お知らせ致しますので、何卒よろしくお願い致します。
2006-10-20,サーバ障害復旧のお知らせ,お客様番号の末尾が2037のお客様へ。10/20(金)0:53～1:25、ハードウェア障害によりご利用いただけない状況となっておりました。大変申し訳ありません。現在は復旧し正常にご利用いただけます。この度はご迷惑をおかけし誠に申し訳ありませんでした。
2006-10-20,サーバ障害のお知らせ,お客様番号の末尾が2037のお客様へ。サーバのハードウェア障害のためご利用いただけない状況となっております。ご迷惑をおかけ致しており大変申し訳ありません。現在、復旧作業を行っております。復旧が確認できましたら再度お知らせ致しますので、何卒よろしくお願い致します。 
2006-10-23,RSSver1.0.8リリース,"RSSをバージョンアップしました。最新バージョンは1.0.8です。
修正点は以下の通りです。
・選択した記事と違うサイトが表示される不具合を修正
・一部のRSS記事を正常に表示できない不具合を修正"
2006-10-24,jigブラウザ ダウンロード不具合のお知らせ,10/24(火)15:15～17:25、アプリの不具合により、DoCoMo SH903iでjigブラウザがダウンロードできない状態となっておりました。現在は復旧し正常にご利用いただけます。この度はご迷惑をおかけして大変申し訳ありませんでした。
2006-10-24,jigブラウザ TOOLver1.0.3リリース,"jigブラウザ TOOLをバージョンアップしました。最新バージョンは1.0.3です。
修正点は以下の通りです。
・一部のjigletが正常に動作しない不具合を修正"
2006-10-24,jigブラウザver7.2.8リリース,"jigブラウザの最新版を公開しました。最新バージョンは7.2.8となっております。
DoCoMoの方はバージョンアップを、au、SoftBankの方は再ダウンロードをお願いします。
【DoCoMo 902i/901i/900iシリーズ/F702iD、au、SoftBank】
・jigletが正常に動作しない不具合を修正
・画面回転/横向き表示で表示が崩れてしまう不具合を修正(au/SoftBankのみ）"
2006-10-24,携帯電話番号ポータビリティに関して,"携帯電話番号ポータビリティをご利用される方は、機種変更される前に必ず対応機種をご確認ください。
機種変更後の携帯電話が対応機種の場合、弊社で引き継ぎ処理をすることで、機種変更後もご利用いただけます。また、非対応機種の場合、機種変更する前に必ずご解約ください。
※ソフトバンク通話料合算払いをご利用の場合、また、ご利用になる場合、課金情報を引き継ぐことはできません。"
2006-10-24,サーバ不具合のお知らせ,10/23(月)20:19～10/24(火)9:09、jigブラウザを新規ダウンロードした場合、サーバの不具合により、初期設定に失敗しアプリが起動できない状態になっておりました。現在は復旧し正常にご利用いただけます。この度はご迷惑をおかけして大変申し訳ありませんでした。
2006-10-25,jigブラウザver7.2.9リリース,"jigブラウザの最新版を公開しました。最新バージョンは7.2.9となっております。
DoCoMoの方はバージョンアップをお願いします。
・GPSを利用し、現在地確認ができる機能を追加（903iシリーズのみ）"
2006-10-26,サーバ側の修正,"サーバ側の変更を行いました。アプリのバージョンアップは不要です。
修正点は以下になります。
・RSSjigletから日経BP/デジタルARENAへアクセスすると正常に表示されない不具合を修正"
2006-10-27,メールサーバ停止のお知らせ,10/27(金)4:00頃～9:00頃、弊社メールサーバが停止しており、弊社宛のメールが送信できない状態になっておりました。現在は復旧し正常にご利用いただけます。その間、弊社宛にメールを送られた方は、お手数ですが、再度送信をお願い致します。この度はご迷惑をおかけして大変申し訳ありませんでした。
2006-11-01,Edy決済不具合のお知らせ,10/31(火)14:00頃～11/1(水)9:30頃、弊社Edy決済システムに不具合が発生しており、Edy決済が行えない状態となっておりました。現在は復旧し正常にご利用いただけます。この度はご迷惑をおかけして大変申し訳ありませんでした。
2006-11-02,クレジット決済サービス障害のお知らせ,11/01(水)13:40～11/02(木)21:35、弊社サーバ不具合によりPCでのクレジットカード決済が行えない状態となっておりました。現在は復旧し正常にご利用いただけます。その間にPCでクレジットカード決済を行った方は、お手数ですが再度購入のお手続きをお願いします。この度はご迷惑をおかけして大変申し訳ありませんでした。
2006-11-06,Edy決済サービス定期メンテナンスのお知らせ,11/15(水)2:00～7:00、Edyサーバ定期メンテナンスのため、Edy決済がご利用いただけません。ご迷惑をおかけ致しますが、宜しくお願い申し上げます。
2006-11-09,公式jiglet追加のお知らせ,"公式jigletにサイト内検索・URLバーコード読込・バーコード商品検索を追加しました。
サイト内検索とは、閲覧しているサイト内のGoogle検索をするjigletです。URLバーコード読込とは、バーコードを読込み、サイトにアクセスするjigletです。（DoCoMoバーコード読込対応機種のみ）バーコード商品検索とは、商品バーコードを読み、Amazonで商品を検索するjigletです。（DoCoMoバーコード読込対応機種のみ、D900i/D505iS/N505iSは除く) 
サイト内検索jigletの詳細及びダウンロードは、こちらをご覧下さい。
URLバーコード読込jigletの詳細及びダウンロードは、こちらをご覧下さい。
バーコード商品検索jigletの詳細及びダウンロードは、こちらをご覧下さい。"
2006-11-09,jigブラウザ TOOLver1.0.4リリース,"jigブラウザ TOOLをバージョンアップしました。最新バージョンは1.0.4です。
修正点は以下の通りです。
・jiglet動作を高速化
・一部のjigletが正常に動作しない不具合を修正"
2006-11-09,jigブラウザver7.3.0リリース,"jigブラウザの最新版を公開しました。最新バージョンは7.3.0となっております。
DoCoMoの方はバージョンアップを、au、SoftBank、WILLCOMの方は再ダウンロードをお願いします。
【DoCoMo 902i/901i/900iシリーズ/F702iD、au、SoftBank、WILLCOM W-ZERO3シリーズ】
・jiglet動作を高速化
・MENU＞設定＞その他設定＞セキュリティ設定を追加
・jigletの一括バージョンアップの時、起動してるjigletを自動終了できるように変更
・ショートカットに設定したjigletがTOOL内にない場合、自動的にダウンロードするように変更
・90度回転/横向き表示の時、正常に表示されない不具合を修正
※90度回転は、DoCoMo/SoftBank/WILLCOMのみ、横向き表示は、SoftBankのみの機能になります。

【DoCoMo 800i/702i/701i/700i/506i/505i/コンセプトモデル】
・操作＞ページ情報に「このURLをjigletに渡す」を追加
・MENU＞設定＞文字サイズ設定が大の時、設定メニューが正常に表示されない不具合を修正

◇サーバ側
・画像が、画面の外にはみ出す不具合を修正"
2006-11-10,サーバ側の修正（jigブラウザver7.3.0不具合のお知らせ）,"サーバ側の変更を行いました。アプリのバージョンアップは不要です。 
修正点は以下になります。 
・SoftBank端末から送られたPOSTパラメータの**を改行に変換
※現在、**と入力することで改行の入力が可能となっております。

SoftBankをご利用のお客様へ。現在、アプリの不具合により、jigブラウザver7.3.0で以下の不具合が発生しております。
・テキストボックスに文章を入力する時、改行ができない不具合
・テキストボックスに改行された文字列がある時、入力画面に移行しない不具合
・文章コピーができない不具合
ご迷惑をおかけ致しており大変申し訳ありません。修正は来週になりますので、しばらくお待ちいただけますようお願い致します。"
2006-11-13,jigブラウザver7.3.0不具合のお知らせ,SoftBank 804SS/705SC/706SCをご利用のお客様へ。現在、アプリの不具合により、jigブラウザver7.3.0が、ダウンロードできない状態となっております。 ご迷惑をおかけ致しており大変申し訳ありません。今週のバージョンアップ時に修正予定となっておりますので、しばらくお待ちいただけますようお願い致します。
2006-11-14,DoCoMo新機種にjigブラウザが対応,"DoCoMo新機種にjigブラウザが対応しました。D903iの大画面、N903iのVGA液晶(480x480)に対応する事でパソコンサイトを広範囲で表示することが可能になり、従来と比べ、より快適にサイトを閲覧していただけます。
jigブラウザは、http://br.jig.jp/よりダウンロードいただけます。 
※今回追加される対応機種は、DoCoMo N903i/D903i/F903iとなります。"
2006-11-14,jigブラウザver7.3.0不具合のお知らせ,現在、アプリの不具合により、DoCoMo MUSIC PORTER X/prosolid IIで、jigブラウザver7.3.0を新規ダウンロードすると起動できない不具合が発生しております。ご迷惑をお掛け致しており大変申し訳ありません。今週中に修正致しますので、しばらくお待ちいただけますようお願いします。
2006-11-15,サーバ側の修正,"サーバ側の変更を行いました。アプリのバージョンアップは不要です。
修正点は以下になります。
・SoftBank端末から送られたPOSTパラメータの**を改行に変換する設定を解除"
2006-11-15,jigポッドキャストリリース,"jigポッドキャストとは、ポッドキャストで提供されている音楽やラジオなどの番組を携帯電話で聴けるサービスです。jigポッドキャストは、こちらからダウンロード頂けます。 jigブラウザでお好みのポッドキャストを見つけた場合、jigブラウザのRSS登録画面から簡単にチャンネル追加ができます。
詳細は、http://podcast.jig.jp/をご覧下さい。
※対応機種は、DoCoMo 90Xi/800i/70Xi/MUSIC PORTER X/Music Porter II/prosolid II、SoftBank 910/905/904/903/902/811/810/804/803/802/706/705/703（804NK、802SE、804SS、東芝製端末は除く）となります。"
2006-11-15,jigブラウザver7.3.1リリース,"jigブラウザの最新版を公開しました。最新バージョンは7.3.1となっております。
DoCoMoの方はバージョンアップを、au、SoftBankの方は再ダウンロードをお願いします。
【DoCoMo 902i/901i/900iシリーズ/F702iD、au、SoftBank】
・F903iの大画面表示に対応
・スイングスタイルに対応（DoCoMo F903iのみ）
・一部端末でjigletが正常に動作しない不具合を修正
・SDキャッシュ設定が正常に動作しない不具合を修正（DoCoMo 903i/902iS/P902iのみ）
・SoftBank 804SS/706SC/705SCでダウンロードができない不具合を修正
・文章コピーができない不具合を修正（SoftBankのみ）
・改行を含む文章を編集できない不具合を修正（SoftBankのみ）
・テキストボックスに文章を入力する時、改行ができない不具合を修正（SoftBankのみ）
・SoftBank 705Pで文字を入力後、ソフトキーラベルの表示が正常に表示されない不具合を修正（SoftBankのみ）

【DoCoMo 800i/702i/701i/700i/506i/505i/コンセプトモデル】
・設定＞料金プラン設定でパケホーダイを選択時、ページ表示後に料金が表示される不具合を修正
・DoCoMo MUSIC PORTER X/prosolid IIで、新規ダウンロードすると起動できない不具合を修正"
2006-11-16,DoCoMo N903i不具合のお知らせ,"DoCoMo N903iにおいて画面点滅の不具合が発生しているお客様は、次の方法をお試し下さい。
・端末の再起動
・きせかえツールの変更
※端末のmenu＞各種設定＞きせかえツール設定より変更いただけます。
また、上記方法で不具合が改善されない場合もございますので、引き続き原因を調査致します。不具合の改善方法が確認できましたら再度お知らせ致します。"
2006-11-16,DoCoMo N903i不具合のお知らせ,現在、DoCoMo N903iで画面が点滅する不具合が発生しております。現在、原因を調査中であり、不具合の改善が確認できましたら再度お知らせ致します。
2006-11-16,jigポッドキャスト プログラム追加の遅延について,現在、jigポッドキャストのチャンネルの登録が混み合っているため、プログラムの追加にお時間がかかっております。ご迷惑をおかけしておりまして申し訳ございません。しばらくお待ちいただけますようお願い致します。
2006-11-17,jigポッドキャストver1.0.1リリース,"jigポッドキャストをバージョンアップしました。最新バージョンは1.0.1です。
修正点は以下の通りです。
・プログラム再生の終了時、次のプログラムを自動的に再生しない不具合を修正
・プログラムが0件のチャンネルを削除できない不具合を修正"
2006-11-21,お知らせ,お客様番号の末尾が2071のお客様へ。22:15ごろからサーバのハードウェア障害のためご利用いただけない状況となっております。ご迷惑をおかけ致しており大変申し訳ありません。現在、復旧作業を行っております。復旧が確認できましたら再度お知らせ致しますので、何卒よろしくお願い致します。
2006-11-21,サーバメンテナンスのお知らせ,"jigベンチマークご利用中のお客様へ。サーバメンテナンスのため、11/24(金)10:00～12:00、15分から1時間程度jigベンチマークがご利用いただけません。ご迷惑をお掛け致しますが、宜しくお願い申し上げます。
※jigブラウザFREE、jigメッセンジャーのサーバメンテナンスに関しましては、各サイトをご覧下さい。"
2006-11-21,RSSver1.0.9リリース,"RSSをバージョンアップしました。最新バージョンは1.0.9です。
修正点は以下の通りです。 
・チャンネル一覧の操作＞チャンネル選択を選ぶとエラーが発生する不具合を修正"
2006-11-22,サーバ障害復旧のお知らせ,お客様番号の末尾が2071のお客様へ。11/21(火)22:15～24:00の間、ハードウェア障害によりご利用いただけない状況となっておりました。大変申し訳ありません。現在は復旧し正常にご利用いただけます。この度はご迷惑をおかけし誠に申し訳ありませんでした。
2006-11-24,サーバ側の修正,"サーバ側の変更を行いました。アプリのバージョンアップは不要です。
修正点は以下になります。
・DoCoMo mova端末でjigブラウザTOOLがダウンロードできない不具合を修正"
2006-11-24,jigブラウザver7.3.2リリース,"jigブラウザの最新版を公開しました。最新バージョンは7.3.2となっております。
DoCoMoの方はバージョンアップをお願いします。
・DoCoMo N903iで画面が点滅する不具合を修正"
2006-11-27,サーバメンテナンスのお知らせ,お客様番号の末尾が1019、1033～1035、1037のお客様へ。サーバメンテナンスのため、11/29(水)10:00～12:00、30分から1時間程度jigブラウザがご利用いただけません。ご迷惑をおかけ致しますが、宜しくお願い申し上げます。
2006-11-28,ダウンロード不具合復旧,11/28(火)11:00～17:10頃、SoftBank端末でjigブラウザ及びjigブラウザ旧バージョンがダウンロードできない不具合が発生しておりました。現在は復旧し正常にご利用いただけます。この度はご迷惑をおかけして大変申し訳ありませんでした。
2006-11-28,ダウンロード不具合の回避方法,SoftBank端末で発生しているダウンロード不具合に関しまして、端末の時計を変更することで回避可能となっております。携帯端末の時計の時間を11/27(月)以前に設定し、jigブラウザ及びjigブラウザ旧バージョンのダウンロードをお試し下さい。ダウンロード後は、時計を元の時間に戻していただいてかまいません。ご迷惑をおかけ致しており大変申し訳ありません。修正まで、しばらくお待ちいただけますようお願い致します。
2006-11-28,jigブラウザ ダウンロード不具合,現在、SoftBank端末でjigブラウザ及びjigブラウザ旧バージョンがダウンロードできない不具合が発生しております。ご迷惑をおかけ致しており大変申し訳ありません。現在、復旧作業を行っております。復旧が確認できましたら再度お知らせ致しますので、何卒よろしくお願い致します。
2006-11-28,jigアドレス サーバ停止のお知らせ,11/28(火)0:50～11:10、サーバが停止しており、jigアドレスのサイトが閲覧できない状態となっておりました。メールの送受信への影響はございませんでした。現在は復旧し正常にご利用いただけます。この度はご迷惑をおかけして大変申し訳ありませんでした。
2006-11-29,待受jiglet for Yahoo! JAPANver1.0.1リリース,"待受jiglet for Yahoo! JAPANをバージョンアップしました。最新バージョンは1.0.1です。
修正点は以下の通りです。 
・画面下部に表示されるRSSを新しい順から表示するように変更"
2006-11-29,ダウンロード不具合,現在、SoftBank 911SHでjigブラウザがダウンロードできない不具合が発生しております。ご迷惑をおかけ致しており大変申し訳ありません。現在、復旧作業を行っております。復旧が確認できましたら再度お知らせ致しますので、何卒よろしくお願い致します。
2006-11-30,jigブラウザ TOOLver1.0.5リリース,"jigブラウザ TOOLをバージョンアップしました。最新バージョンは1.0.5です。
修正点は以下の通りです。
・jigletの機能を追加"
2006-11-30,jigブラウザver7.3.3リリース,"jigブラウザの最新版を公開しました。最新バージョンは7.3.3となっております。
DoCoMoの方はバージョンアップを、au、SoftBankの方は再ダウンロードをお願いします。
【DoCoMo 903i/902i/901i/900iシリーズ/F702iD、au、SoftBank】
・jigletの機能を追加
・横向き表示を使用できるように変更(SoftBank 911SHのみ)
・jigletの音声が正常に再生されない不具合を修正(SoftBank 804SS/東芝端末のみ）
・jigletのダウンロード直後、正常なアイコンが使用されない不具合を修正
・MENU＞新タスクを選択した時、新しいタスクに切り替わらない不具合を修正
・設定＞表示設定＞時計表示設定を表示する設定にした時、時計がはみ出る不具合を修正
【DoCoMo N903i】
・設定にメニュー文字設定を追加
・チェックボックスのチェック画像がはみ出す不具合を修正
・空白ページ/エラーページのフォントを大きく表示するように修正

◇サーバ側
・GIF画像を正常にアップロードできない不具合を修正"
2006-11-30,jigポッドキャストver1.0.2リリース,"jigポッドキャストをバージョンアップしました。最新バージョンは1.0.2です。
修正点は以下の通りです。
・8秒ごとに音声が途切れる現象を改善(DoCoMoのみ)

◇サーバ側
・再生できるプログラムを追加
・チャンネル検索の仕様を変更"
2006-11-30,ダウンロード不具合復旧,SoftBank 911SHでjigブラウザがダウンロードできない不具合が発生しておりました。現在は復旧し正常にご利用いただけます。この度はご迷惑をおかけして大変申し訳ありませんでした。
2006-11-30,jigアドレス サーバ停止のお知らせ,11/30(木)4:00～9:30、サーバが停止しており、jigアドレスのサイトの閲覧、メールの送受信ができない状態となっておりました。現在は復旧し正常にご利用いただけます。この度はご迷惑をおかけして大変申し訳ありませんでした。
2006-12-01,新機種にjigブラウザが対応,"DoCoMo/SoftBank新機種にjigブラウザが対応しました。SO903iの3インチワイド液晶、SoftBank 910SHのVGA液晶に対応する事でパソコンサイトを広範囲で表示することが可能になり、従来と比べ、より快適にサイトを閲覧していただけます。また、SoftBank 911SHのサイクロイド機構に対応する事で、画面回転の仕様に合わせた状態で閲覧することが可能です。
jigブラウザは、http://br.jig.jp/よりダウンロードいただけます。
※今回追加される対応機種は、DoCoMo SO903i、SoftBank 910SH/911SHとなります。"
2006-12-05,公式jiglet追加のお知らせ,"公式jigletにYahoo!を便利に使うjigletを追加しました。今回追加するjigletを使うことでjigブラウザからYahoo!サイト内の検索が簡単に行えます。
追加するjigletは、待受jiglet for Yahoo! JAPAN、Yahoo!検索、Yahoo!天気情報、Yahoo!辞書、Yahoo!地図情報、Yahoo!路線情報の6つとなります。"
2006-12-05,jigポッドキャストver1.0.3リリース,"jigポッドキャストをバージョンアップしました。最新バージョンは1.0.3です。
修正点は以下の通りです。
・サーバから削除されたチャンネルを登録している時、jigletが起動後に強制終了する不具合を修正

jigポッドキャストは、ポッドキャストのRSSの取得に一定回数以上連続して失敗した場合、そのRSSのチャンネルを削除する仕様となっております。今朝、PODCASTnaviのサイトへの接続ができなかったために上記の条件を満たし、PODCASTnaviのチャンネルが削除されました。現在は正常に接続できていますので、お手数ですがチャンネルの再登録をお願いします。"
2006-12-06,月額のWebMoney決済に対応,"これまで年間お支払いのみであったWebMoney決済が、月額お支払いにも対応致します。
また、携帯からWebMoney決済を利用できる携帯電話会社はDoCoMoのみでしたが、au/SoftBankでもご利用可能となります。
月額のWebMoney決済に対応する事で、クレジットカードを持っていない方、Yahoo!ウォレットに登録していない方もオンラインでの月額のお支払いが可能となり、jigブラウザをより購入しやすくなります。
※月額利用料金は630円(税込)となります。毎月のお支払いとなります。自動継続されますのでご注意下さい。"
2006-12-06,サーバ障害復旧のお知らせ,お客様番号の末尾が2037のお客様へ。12/6(水)8:29～9:05の間、ハードウェア障害によりご利用いただけない状況となっておりました。大変申し訳ありません。現在は復旧し正常にご利用いただけます。この度はご迷惑をおかけし誠に申し訳ありませんでした。
2006-12-08,dokoyo.jp検索リリース,"dokoyo.jp検索とは、jigletを起動して各種キーワードを入力するだけで「dokoyo.jp」サイト内の無線スポットを簡単に検索することができるjigletです。dokoyo.jp検索は、こちらからダウンロード頂けます。 
また、dokoyo.jp、またはRBB TODAY経由でダウンロードしたjigブラウザは、dokoyo.jp検索がTOOL内にプリインストールされておりダウンロードの手間がかかりません。
詳細は、こちらをご覧下さい。"
2006-12-13,jigletコンテスト結果発表,"jigブラウザの認知度向上とjigletのさらなる普及を目的に11月30日まで行っていた『jiglet contest 2006 autumn』の入賞者が決定致しました。審査は期間終了時のダウンロード合計数を元に上位10名を選定し、入賞された方には「jigブラウザ」1年分のライセンスをプレゼントさせていただきます。詳細は、jigletコンテスト結果発表ページをご覧下さい。
また、jiglet.jp経由でのjiglet累計ダウンロード数がサービス提供開始から7ヶ月で10万件を突破致しました。
たくさんのご応募、ダウンロードありがとうございました。"
2006-12-14,jigブラウザver7.3.5リリース,"jigブラウザver7.3.4にフォーム情報が正常に送信できない不具合が発見されました。これに伴い、jigブラウザの最新版を公開しました。最新バージョンは7.3.5となっております。
DoCoMoの方はバージョンアップを、auの方は再ダウンロードをお願いします。
SoftBankの方は、準備に時間がかかるためバージョンを7.3.3に戻させていただきました。恐れ入りますが、バージョンアップを行い、ver7.3.3をご利用いただきますようお願いします。
この度はご迷惑をおかけし大変申し訳ありませんでした。
【DoCoMo 903i/902i/901i/900iシリーズ/F702iD、au、SoftBank】 
・フォーム情報が正常に送信できない不具合を修正"
2006-12-14,jigラジオリリース,"「jigラジオ」の提供を開始致しました。 
jigラジオとは、FMラジオ機能搭載機種でラジオ放送を聴くことができるjigletです。
jigブラウザでサイト閲覧中にもFMラジオを聴くことができ、jigブラウザと連携することで地域に合わせたラジオ番組表を取得できます。また、オフタイマー機能があり、自動的に終了させることが可能です。
※現在の対応機種はDoCoMo D903iとなります。"
2006-12-14,jigブラウザ TOOLver1.0.6リリース,"jigブラウザ TOOLをバージョンアップしました。最新バージョンは1.0.6です。
修正点は以下の通りです。
・一部のjigletが正常に動作しない不具合を修正"
2006-12-14,jigブラウザver7.3.4リリース,"jigブラウザの最新版を公開しました。最新バージョンは7.3.4となっております。
DoCoMoの方はバージョンアップを、au、SoftBankの方は再ダウンロードをお願いします。
【DoCoMo 903i/902i/901i/900iシリーズ/F702iD、au、SoftBank】 
・フレームがあるサイトのリンク情報に「このフレームを開く」を追加
・ショートカット設定に拡大縮小/明るさ調整を追加(DoCoMo 903iのみ)
・メニュー文字設定を変更した時、TOOLのアイコンがずれる不具合を修正(DoCoMo N903iのみ)
・通信中にタスクを切替えた時、エラー終了する不具合を修正
・jigletで音声再生中、MENUを押しても再生されつづける不具合を修正(SoftBankのみ)
・jigletが起動しなくなることがある不具合を修正
・一部のjigletが正常に動作しない不具合を修正
・外部メモリー保存中のjigletのバージョンアップが正常に行えない不具合を修正(DoCoMoのみ)"
2006-12-15,jigブラウザ画面印刷機能対応プリンタ追加,"「jigブラウザ」の「画面印刷機能」の対応プリンタを追加致します。
従来のセイコーエプソン社製の赤外線通信プリンタ7機に加え、今回追加される対応プリンタは、キヤノン株式会社／キヤノンマーケティングジャパン株式会社から販売されている『PIXUS iP90』となります。今後も、様々な「画面印刷機能」対応プリンタの拡充を目指してまいります。"
2006-12-15,jigマルチリモコン対応機器追加,"「jigマルチリモコン」の対応機器を追加致します。
今回追加される「jigマルチリモコン」対応機器は、ユニデン株式会社から販売されてるテレビ、デジタルチューナー、プラズマモニター、DVDレコーダーとなります。この事により、対応機器が48社82機器に増え利便性が向上致します。今後も、様々な「jigマルチリモコン」対応機器の拡充を目指してまいります。"
2006-12-15,jigマルチリモコンver2.0.1リリース,"jigマルチリモコンをバージョンアップしました。最新バージョンは2.0.1です。
修正点は以下の通りです。
・VGA表示に対応
・待受け時の電力消費を抑えるように変更
・対応機器/メーカーを追加
※今回追加される対応機器/メーカーの詳細は、こちらをご覧下さい。"
2006-12-18,jigポッドキャストver1.0.4リリース,"jigポッドキャストをバージョンアップしました。最新バージョンは1.0.4です。
修正点は以下の通りです。
・DoCoMo M702iSで再生できるように変更

◇サーバ側
・DoCoMo M702iS用のエンコード処理の追加
※バージョンアップ後に配信されたプログラムのみ再生可能となっております。"
2006-12-19,年末年始期間の営業に関して,"年末年始「12/30(土)～1/4(木)」の営業に関して、下記のように案内させていただきます。 

[お問い合わせの対応]
12/30(土)～1/4(木)までサポート業務が停止致します。
お問い合わせの返信が弊社休暇前に必要な場合は12/29(金)の17:00までにお願い致します。
休暇中にいただいたお問い合わせへの返信は1/5(金)以降となります。
※混みあっている場合はお時間を頂く場合がございますのでご了承ください。

[銀行・郵便振込の登録処理]
12/30(土)～1/4(木)まで登録処理が停止致します。
弊社休暇前に登録処理が必要な場合は12/29(金)の15:00までにお振込みをお願い致します。
休暇中のお振込みの登録処理は1/5(金)となります。

[クレジットカード/Yahoo!ウォレット/WebMoney/ソフトバンク通話料合算払い/Mobile Edy/WILLCOM公式課金]
通常どおりご利用いただけます。

[サービスの利用] 
通常どおりご利用いただけます。

誠に勝手ではございますが宜しくお願い致します。"
2006-12-20,jigポッドキャスト サーバ側の修正,"サーバ側の変更を行いました。jigletのバージョンアップは不要です。
修正点は以下になります。
・一部のチャンネルでプログラムが更新されない不具合を修正"
2006-12-21,jigブラウザver7.3.6リリース,"jigブラウザの最新版を公開しました。最新バージョンは7.3.6となっております。
DoCoMoの方はバージョンアップを、SoftBankの方は再ダウンロードをお願いします。
【DoCoMo 903i/902i/901i/900iシリーズ/F702iD】
・画像アップロードの時、画像を縮小表示して画像全体を表示するように修正
・明るさ変更を行った時、画面が正常に描画されない不具合を修正(DoCoMo 903iのみ)

【SoftBank】
・フレームがあるサイトのリンク情報に「このフレームを開く」を追加
・一部のjigletが正常に動作しない不具合を修正
・jigletが起動しなくなることがある不具合を修正
・通信中にタスクを切替えた時、エラー終了する不具合を修正
・jigletで音声再生中、MENUを押しても再生されつづける不具合を修正

【DoCoMo 800i/702i/701i/700i/506i/505i/コンセプトモデル】
・Yahoo!ブログ検索が正常に行えない不具合を修正
・画像アップロードの時、画像を縮小表示して画像全体を表示するように修正(DoCoMo 70Xiのみ)"
2006-12-27,公式jiglet追加のお知らせ,"公式jigletにjigブラウザ活用法を追加しました。
jigブラウザ活用法jigletとは、jigブラウザについて簡単にわかりやすく説明したjigletです。
jigブラウザ活用法の詳細及びダウンロードは、こちらをご覧下さい。"
2006-12-29,サーバ障害復旧のお知らせ,お客様番号の末尾が2037のお客様へ。12/29(金)13:54～15:58、ハードウェア障害によりご利用いただけない状況となっておりました。大変申し訳ありません。現在は復旧し正常にご利用いただけます。この度はご迷惑をおかけし誠に申し訳ありませんでした。
2006-12-29,サーバ障害のお知らせ,お客様番号の末尾が2037のお客様へ。サーバのハードウェア障害のためご利用いただけない状況となっております。ご迷惑をおかけ致しており大変申し訳ありません。現在、復旧作業を行っております。復旧が確認できましたら再度お知らせ致しますので、何卒よろしくお願い致します。
2007-10-05,jigスケジューラ for Google カレンダー サーバ側の修正,"jigスケジューラ for Google カレンダー サーバ側の変更を行いました。jigletのバージョンアップは不要です。
修正点は以下の通りです。
・PCで選択されていないカレンダーを表示しないように修正
・重複したスケジュールの登録を禁止"
2007-10-09,SoftBank一部端末におけるダウンロード不具合復旧,ダウンロードできない不具合が発生しておりましたSoftBankの一部端末につきましては、現在復旧し、正常にご利用頂ける状態となっております。この度はご迷惑をおかけ致しまして、大変申し訳ございませんでした。
2007-10-09,SoftBank一部端末における不具合について,"10/9(火)6:00頃～、SoftBankの一部端末においてjigブラウザをダウンロードできない不具合が発生しております。ご迷惑をおかけ致しており大変申し訳ありません。現在、復旧作業を行っております。復旧が確認できましたら再度お知らせ致しますので、何卒よろしくお願い致します。
また、10/9(火)6:00頃～11:00頃、サーバ設定の不具合のためSoftBankの一部端末においてjigブラウザをご利用頂けない状況となっておりました。こちらは現在復旧し、正常にご利用頂ける状態となっております。"
2007-10-09,サーバ障害のお知らせ,"お客様番号の末尾が2010のお客様へ。10/9(火)8:04～9:33、ハードウェア障害によりご利用いただけない状況となっておりました。大変申し訳ありません。 
現在は復旧し正常にご利用いただけます。この度はご迷惑をおかけし誠に申し訳ありませんでした。"
2007-10-10,jigletブログパーツリリース,"jigletブログパーツの提供を開始致しました。jigletブログパーツとは、jigブラウザのプラグインとして携帯電話上で提供しているjigletを、ブログパーツとしてPC上でも使うことができるサービスです。
「jigブラウザ」をjigletでカスタマイズするように、ゲームや時計など約100種類の豊富なjigletブログパーツを使って、PC上でブログをカスタマイズすることが可能です。
ブログパーツの使い方はこちら。
※携帯からアクセスする場合はjigブラウザからご覧下さい。"
2007-10-11,サーバ側の修正,"サーバ側の変更を行いました。アプリのバージョンアップは不要です。 
修正点は以下になります。 
・特定のCookieを正常に処理できない不具合を修正

【CSSレイアウト:有効】 
・画像の幅高さをスタイルシートで指定できない不具合を修正
・position:absoluteで配置されているコンポーネントの左マージンが無効になる不具合を修正
・baseタグが正常に認識されていない不具合を修正
・負のマージンが設定されたテーブルを表示できない不具合を修正
・背景画像の位置指定でパーセント数値を指定されていた場合に正常に表示できない不具合を修正"
2007-10-16,モバイルSuicaシステムメンテナンス,11/12(月)2:00～4:00、モバイルSuicaシステムの定期メンテナンス作業のため、モバイルSuicaネット決済がご利用いただけません。ご迷惑をおかけ致しますが、宜しくお願い申し上げます。
2007-10-18,jigブラウザver7.6.5リリース,"jigブラウザの最新版を公開しました。最新バージョンは7.6.5となっております。 
DoCoMoの方はバージョンアップを、au、SoftBank、WILLCOMの方は再ダウンロードをお願いします。 
【DoCoMo 90Xi/703i/F702iD、au W11H/W11K/A5403CA/A5406CA/A5407CA/オープンアプリ対応端末、SoftBank、WILLCOM W-ZERO3】 
・カーソル設定にサイズ設定を追加(DoCoMo/SoftBankのVGA対応端末のみ)
・カーソル速度の設定方法を変更 
・URL・履歴の全削除時に確認ダイアログを表示するように修正
・画像のツールチップが画面からはみ出す不具合を修正
・CSS切替ショートカットが正常に動作しない不具合を修正(オープンアプリ対応端末のみ)"
2007-10-29,DoCoMo L704i不具合のお知らせ,現在、DoCoMo L704iをご利用中の一部のお客様において、jigブラウザを起動できない不具合が発生しております。こちらの不具合については、11/1(木)のバージョンアップで修正をさせて頂きます。ご迷惑をお掛けしておりまして申し訳ございませんが、修正までしばらくお待ち下さい。
2007-11-01,jigブラウザver7.6.6リリース,"jigブラウザの最新版を公開しました。最新バージョンは7.6.6となっております。 
DoCoMoの方はバージョンアップを、au、SoftBankの方は再ダウンロードをお願いします。 
【DoCoMo 90Xi/704i/703i/F702iD、au W11H/W11K/A5403CA/A5406CA/A5407CA、SoftBank】
・MENU項目のアイコンを拡大(DoCoMo/SoftBankのVGA対応端末のみ) 
・方向キーと決定キーが同時に押された場合、決定キー長押しメニューを開かないように修正
・文章ビュー使用時、進む/戻るで通常ビューに戻る不具合を修正
・一部のDoCoMo L704iにて起動しない不具合を修正"
2007-11-01,ソフトバンク公式版「jigブラウザ」リリース,"ソフトバンク公式版「jigブラウザ」は、ソフトバンクモバイル公式初となる携帯電話向けPCサイト閲覧アプリで、動画や音声を視聴することもできます。
ブラウジング中に見たい動画のサムネイルなどをクリックすると、「jigブラウザ」にセットされている動画視聴用プレイヤーが起動してストリーミング再生を開始するため、手間や時間をかけることなくスムーズに動画を楽しむことができます。試聴可能な動画・音声ファイルは、FLV/WMV/WMA形式のファイルとなっています。（一部制限あり）
※jigブラウザ公式版サイト（URL：http://bs.jig.jp/）へは、アドレスを直接入力していただくか、Yahoo!ケータイ→メニューリスト→フルブラウザ→「jigブラウザ」からアクセスしてください。"
2007-11-02,サーバ障害のお知らせ,"お客様番号の末尾が1008のお客様へ。11/2(金)0:11～2:34の間、ハードウェア障害によりご利用いただけない状況となっておりました。大変申し訳ありません。 
現在は復旧し正常にご利用いただけます。この度はご迷惑をおかけし誠に申し訳ありませんでした。"
2007-11-06,サーバ側の修正,"サーバ側の変更を行いました。アプリのバージョンアップは不要です。 
修正点は以下になります。 
・mailtoリンクでメール送信画面の表示が崩れる不具合を修正

【CSSレイアウト:有効】 
・画像投稿掲示版へGIF形式の画像をアップする場合にファイル形式がJPEGになる不具合を修正
・区切り線(hrタグ)の表示方法を修正"
2007-11-12,ソフトバンク公式版jigブラウザver8.0.1リリース,"ソフトバンク公式版jigブラウザの最新版を公開しました。最新バージョンは8.0.1となっております。公式版をご利用の方は再ダウンロードをお願いします。 
【SoftBank】
・一部動画を最後まで再生できない不具合を修正
・お気に入りで「一つ上へ」を選ぶとフリーズする不具合を修正

◇サーバ側 
・動画の連続再生時間を7分から10分に延長(有料登録ユーザーのみ)"
2007-11-13,サーバ障害のお知らせ,"お客様番号の末尾が2071のお客様へ。11/13(火)19:35～20:32の間、ハードウェア障害によりご利用いただけない状況となっておりました。大変申し訳ありません。 
現在は復旧し正常にご利用いただけます。この度はご迷惑をおかけし誠に申し訳ありませんでした。"
2007-11-16,Edy決済サービス不具合および復旧のお知らせ,11/16(金)5:00頃～9:40、Edy決済サービスに不具合により、Edy決済が行えない状態となっておりました。現在は復旧し正常にご利用いただけます。この度はご迷惑をお掛けし、誠に申し訳ありませんでした。
2007-11-22,jigブラウザver7.6.8リリース,"jigブラウザの最新版を公開しました。最新バージョンは7.6.8となっております。 
DoCoMoの方はバージョンアップをお願いします。 
【DoCoMo 90Xi/704i/703i/F702iD】 
・P904i/P903iでjigletを起動できない不具合を修正
・P904i/P903iをjigお店サーチGPSの対応機種から除外"
2007-11-22,jigお店サーチGPSリリース,"この度、jigletでGPS情報を取得する方法を開発し、その機能を利用したjigお店サーチGPSの提供を開始致しました。
jigお店サーチGPSとは、入力したキーワード（例：居酒屋、カフェなど）とGPS測位の結果から、ユーザの位置情報に合わせて周辺で該当する店舗を検索することができるjigletです。またGPS情報の取得方法を公開することで、jigletの一般開発者はGPSを利用したjigletを開発することが可能になります。
※詳細およびダウンロードは、jigブラウザもしくはパソコンからこちらへアクセスしてください。
※対応機種は、DoCoMo D903i/F903i/SH903i/SO903i/D904i/F904i/SH904iとなります。
※jigブラウザver7.6.7以上でお使いください。"
2007-11-22,jigブラウザver7.6.7リリース,"jigブラウザの最新版を公開しました。最新バージョンは7.6.7となっております。 
DoCoMoの方はバージョンアップを、au、SoftBankの方は再ダウンロードをお願いします。
【DoCoMo 90Xi/704i/703i/F702iD、au W11H/W11K/A5403CA/A5406CA/A5407CA、SoftBank】
・SoftBank 920SH用横画面専用版をリリース
・jigletにGPS機能を追加(DoCoMo 904i/903iの一部のみ)
・「タスク表示設定」がメニューにない不具合を修正(メガiアプリのみ)
・「90度回転」利用後に待受けへ戻った場合、方向キーとスクロール方向が一致しない不具合を修正
・お気に入りの一番上で「一つ上へ」を選択したときにエラーが発生する不具合を修正"
2007-11-26,jigブラウザver7.6.9リリース,"jigブラウザの最新版を公開しました。最新バージョンは7.6.9となっております。 
DoCoMoの方はバージョンアップをお願いします。 
【DoCoMo 90Xi/704i/703i/F702iD】
・SH905i/D905iに対応
→SH905iでディスプレイを裏返したときの方向キー操作に対応
→SH905i/D905iのフルスクリーン表示に対応
→D905iにおいてダイアログ内の文字列幅を調整
・F904i/F903iXの横向き表示でソフトキー表示が左右逆になる不具合を修正"
2007-11-28,jigブラウザver7.7.0リリース,"jigブラウザの最新版を公開しました。最新バージョンは7.7.0となっております。 
DoCoMoの方はバージョンアップをお願いします。 
【DoCoMo 90Xi/704i/703i/F702iD】
・「縮小」ショートカットを利用したときのページ表示位置を、画面左上から中央に変更(メガiアプリのみ) 
・N900iLで起動できない不具合を修正"
2007-12-10,jiglet.jpサーバメンテナンスのお知らせ,"12/12(水)14:00～16:00、サーバメンテナンス作業のため、以下のサイト閲覧およびサービスの一部機能をご利用いただけません。ご迷惑をおかけ致しますが、宜しくお願い申し上げます。
・jiglet.jpのサイト閲覧(http://jiglet.jp/)
・jigスケジューラのサイト閲覧(http://sc.jig.jp/)、サーバ同期
・jig電波時計の時刻同期
・jigフォトの画像の保存・閲覧"
2007-12-14,クレジット決済システム障害,12/14(金)20:45～、クレジット決済システムにおいて障害が発生しており、一部のお客様の決済に影響が出ております。ご迷惑をおかけ致しており大変申し訳ありません。現在、復旧作業を行っております。復旧が確認できましたら再度お知らせ致しますので、何卒よろしくお願い致します。
2007-12-15,クレジット決済システム障害復旧,"12/14(金)20:20～12/15(土)0:30、クレジット決済システムにおいて障害が発生しており、一部のお客様の決済に影響が出ておりました。現在は復旧し正常にご利用いただけます。
この度はご迷惑をおかけし誠に申し訳ありませんでした。"
2007-12-20,サーバ障害のお知らせ,お客様番号の末尾が2071のお客様へ。12/19(水)16:00頃～12/20(木)9:50、サーバの設定ミスにより画像のあるページの処理が正常に行えず閲覧出来ない状態になっていました。大変申し訳ありません。現在は復旧し正常にご利用いただけます。この度はご迷惑をおかけし誠に申し訳ありませんでした。
2007-12-21,年末年始の営業に関するお知らせ,"平素はjig.jpのサービスをご利用いただき誠にありがとうございます。

年末年始の営業に関して、次のように案内させていただきます。
休業期間：12月29日(土)～1月6日(日)

[お問い合わせの対応]
12/29(土)より1/6(日)までサポート業務が停止致します。
12/28(金)17:00以降にいただいたお問い合わせへの返信は1/7(月)以降、順次対応致します。
※混みあっている際は返信に数日かかる場合がございます。予めご了承ください。

[銀行・郵便振込の登録処理]
12/29(土)より1/6(日)まで登録処理が停止致します。
12/28(金)15:00以降のお振込みに対する登録処理は1/7(月)となります。

[その他お支払いによる登録]
通常通りご利用になれます。

[サービスの利用] 
通常通りご利用になれます。

ご迷惑をおかけしますが、何卒よろしくお願い申し上げます。"
2007-12-22,サーバ障害のお知らせ,"お客様番号の末尾が1026のお客様へ。12/22(土)16:43～18:05の間、ハードウェア障害によりご利用いただけない状況となっておりました。大変申し訳ありません。 
現在は復旧し正常にご利用いただけます。この度はご迷惑をおかけし誠に申し訳ありませんでした。"
2007-12-26,jigポッドキャスト更新不具合,"12/20(木)16:00～12/26(水)20:15、エンコード処理が停止しており、プログラムが更新されない状態となっておりました。現在は復旧し、停止期間中のものからエンコードしております。
この度はご迷惑をお掛けしまして、誠に申し訳ありませんでした。"
2007-12-26,時計表示不具合に関して,"現在jigブラウザの一部端末で画面内に時計が２つ表示される不具合が発生しております。
年内には修正を行う予定です。
ご迷惑をお掛けしておりまして申し訳ございませんが、修正までしばらくお待ち下さい。"
2007-12-26,サーバ障害復旧のお知らせ,お客様番号の末尾が1026のお客様へ。12/26(水)12:31～13:09の間、ファイルシステム障害によりご利用いただけない状況となっておりました。大変申し訳ありません。 現在は復旧し正常にご利用いただけます。この度はご迷惑をおかけし誠に申し訳ありませんでした。
2007-12-26,サーバ障害のお知らせ,お客様番号の末尾が1026のお客様へ。システム障害のためご利用いただけない状況となっております。ご迷惑をおかけ致しており大変申し訳ありません。現在、復旧作業を行っております。復旧が確認できましたら再度お知らせ致しますので、何卒よろしくお願い致します。
2007-12-26,jigブラウザ TOOLver1.1.2リリース,"jigブラウザ TOOLをバージョンアップしました。最新バージョンは1.1.2です。 
修正点は以下の通りです。 
・Yahoo!デスクトップ向けに開発されたjigletに対応"
2007-12-26,jigブラウザver7.7.1リリース,"jigブラウザの最新版を公開しました。最新バージョンは7.7.1となっております。 
DoCoMoの方はバージョンアップを、au、SoftBank、WILLCOMの方は再ダウンロードをお願いします。 
【DoCoMo 90Xi/704i/703i/F702iD】
・フルスクリーン対応機種で画面下に時計・電池残量(2段階)・電波状況・新着メール情報を表示するように修正、および「時計表示設定」を削除
※電波状況は圏外表示のみのため、通常は非表示となります。
・「拡大」・「縮小」ショートカット利用時の拡大率を保存するように修正
・MENUの「文字サイズ設定」をjigletに反映させるように修正（VGA端末のみ）
・jiglet起動直後にGPSアイコンが一瞬点灯する不具合を修正
・N905i/N905iμで画像保存・スクリーンショットができない不具合を修正
・N905i/N905iμでjigフォトのカメラが起動しない不具合を修正
・画像のツールチップを一定時間経過後に非表示にするように修正
・Yahoo!デスクトップ向けに開発されたjigletに対応
・Yahoo!JAPANへアクセスした時、強制的にCSS設定が有効になるように修正

【au W11H/W11K/A5403CA/A5406CA/A5407CA、SoftBank、WILLCOM】
・画像のツールチップを一定時間経過後に非表示にするように修正(WILLCOMは除く)
・Yahoo!デスクトップ向けに開発されたjigletに対応
・Yahoo!JAPANへアクセスした時、強制的にCSS設定が有効になるように修正

【DoCoMo 800i/702i/701i/700i/506i/505i/コンセプトモデル、au オープンアプリ対応端末】
・Yahoo!JAPANへアクセスした時、強制的にCSS設定が有効になるように修正"
2007-12-27,jigブラウザver7.7.2リリース,"jigブラウザの最新版を公開しました。最新バージョンは7.7.2となっております。 
DoCoMoの方はバージョンアップを、auの方は再ダウンロードをお願いします。 
【DoCoMo 90Xi/704i/703i/F702iD、au W11H/W11K/A5403CA/A5406CA/A5407CA】
・時計が2個表示される不具合を修正
・P905iで横表示のとき時計や電池残量などが表示されない不具合を修正
・文章ビュー利用時に拡大率を反映させるように修正"
2007-12-28,バージョンアップ時のエラーに関して,"SoftBankをご利用のお客様へ。現在jigブラウザのバージョンアップ案内後にエラーが発生する不具合が確認されております。お手数ですがエラーが発生した場合はhttp://br.jig.jp/ からjigブラウザの再ダウンロードをお願いします。
この度はご迷惑をおかけし誠に申し訳ありません。"
2008-10-01,サーバ側の修正,"jigブラウザ サーバ側の変更を行いました。アプリのバージョンアップは不要です。
修正点は以下になります。
・Yahoo!オークションで出品ができない不具合を修正
・Yahoo!オークションで「入札はこちら」ボタンがクリックできない不具合を修正"
2008-10-14,jigブラウザ サーバ側の修正,"jigブラウザ サーバ側の変更を行いました。アプリのバージョンアップは不要です。
修正点は以下になります。
・JavaScriptによるリンクの挙動を修正
・アクセス先でのページ内リンクの動作を修正
・Yahoo!オークションのJavaScript対応範囲を拡大
・画像圧縮時に灰色の画像が出る不具合を修正"
2008-10-15,jigブラウザ9　課金状態不具合のお知らせ,"現在、有料登録済みの一部のお客様において、jigブラウザ9をダウンロード・起動すると無料デモとなってしまう現象が発生しております。
該当するお客様におかれましては、弊社にて引継ぎ処理を行い、正常にご利用頂けるよう対応致します。
つきましては、大変お手数をお掛け致しますが、jigブラウザVer.7とjigブラウザ9のお客様番号を下記からご連絡ください。
お客様番号は、[MENU]→[ユーザメニュー]→[お客様番号表示]より確認できます。
弊社都合となり申し訳ございませんが、引継ぎ処理に多少お時間を頂く場合がございますが、1営業日中には対応致しますので、何卒ご理解ご了承の程宜しくお願い致します。
この度はご迷惑をお掛けしており、誠に申し訳ございません。

お問合せはこちら"
2008-10-15,jigブラウザ9 サーバ側の修正,"jigブラウザ9 サーバ側の変更を行いました。アプリのバージョンアップは不要です。
修正点は以下になります。
・RSS初期チャンネルが登録されない不具合を修正
・RSSチャンネルの登録ができない不具合を修正
※すでにjigブラウザ9をダウンロード済みの方も、jigブラウザ9を起動して任意のページを閲覧する事で復旧致します。"
2008-10-15,「jigブラウザ9」リリース,"この度、「jigブラウザ9」の提供を開始いたしました。
「jigブラウザ9」は、ユーザインターフェイスおよびデザインの大幅な改善と、数々の新機能の搭載によって、より一層使いやすくなった“新”「jigブラウザ」です。

「jigブラウザ9」には、以下の新機能を搭載しています。
【PCサイトの再現性向上に関する新機能】
・Flashリンクの抽出
　Flashリンクの抽出が可能になり、閲覧可能なPCサイトページが拡大します。
・アニメーションGIFへの対応
　アニメーションGIFへ対応することで、PCサイトの再現性が改善します。
・JavaScriptの対応範囲の拡大
　JavaScriptの対応範囲を拡大、利用できるサイトや機能が増えます。

【操作に関する新機能】
・Favicon（ウェブサイトに関連したアイコン）への対応
　タブにFaviconを表示することで、視認性が向上します。
・RSSフィードの検出
　ページ内に含まれるRSSフィードの自動検出が可能になり、RSSリーダーへの登録が簡単になります。
・複数タブの同時通信サポート機能
　複数のタブを同時に通信可能にすることで、より軽快なブラウジングを実現します。
・チュートリアル機能
　「jigブラウザ9」の便利な機能をユーザに認知してもらうため、アプリ起動時や通信待ち時間に、チュートリアルやTipsを表示します。
・単語選択機能、文書範囲選択機能
　閲覧中のページ内の単語や文章を選択し、ウェブ検索や地図検索、コピーをすることができます。

※当初の対応機種はdocomoとSoftBank（公式版）のみでの対応となります。
※「jigブラウザ」を既にダウンロードされている場合も「jigブラウザ9」の利用には別途ダウンロードが必要です。「jigブラウザ」のバージョンアップでは「jigブラウザ9」をダウンロードできませんので、予めご了承ください。なお、別途利用料金はかかりません。
※「jigブラウザ9」の詳細およびダウンロードは、以下のサイトに携帯電話でアクセスして下さい。
　・docomo
　　http://br.jig.jp/
　・SoftBank（公式版）
　　http://bs.jig.jp/"
2008-10-16,サーバ障害復旧のお知らせ,お客様番号の末尾が2009のお客様へ。10/16(木)13:32～14:15の間、ハードウェア障害によりjigブラウザをご利用いただけない状況となっておりました。現在は復旧し正常にご利用いただけます。この度はご迷惑をおかけし誠に申し訳ありませんでした。
2008-10-16,サーバ障害のお知らせ,お客様番号の末尾が2009のお客様へ。10/16(木)13:32から、ハードウェア障害によりjigブラウザをご利用いただけない状況となっております。ご迷惑をおかけ致しており大変申し訳ありません。現在、復旧作業を行っております。復旧が確認できましたら再度お知らせ致しますので、何卒よろしくお願い致します。
2008-10-17,サーバメンテナンスのお知らせ,お客様番号の末尾が2041のお客様へ。10/21(火)14:00～15:00の間、サーバメンテナンスとしてサーバ移動作業を行うため、jigブラウザがご利用いただけません。ご迷惑をおかけ致しますが、宜しくお願い申し上げます。
2008-10-17,サーバ障害のお知らせ,"お客様番号の末尾が2041のお客様へ。10/17(金)0:07～1:03の間、システム障害によりご利用いただけない状況となっておりました。大変申し訳ありません。 
現在は復旧し正常にご利用いただけます。この度はご迷惑をおかけし誠に申し訳ありませんでした。"
2008-10-21,サーバ障害のお知らせ,お客様番号の末尾が1031のお客様へ。10/21(火)22時頃から、ハードウェア障害によりjigブラウザをご利用いただけない状況となっております。ご迷惑をおかけ致しており大変申し訳ありません。現在、復旧作業を行っております。復旧が確認できましたら再度お知らせ致しますので、何卒よろしくお願い致します。
2008-10-22,jigブラウザ9ver1.0.1リリース,"jigブラウザ9の最新バージョン1.0.1を公開しました。 
ドコモの方はバージョンアップをお願いします。
修正点は以下になります。
・ページ情報に「RSS表示」を追加
・アニメーションGIFの画像保存に対応
・N端末でフォントを太字に変更
・「戻る」を選択時に画像が表示されない不具合を修正
・タブ切替時にタブ情報が保存されない不具合を修正
・タブ復元後に設定された文字フォントが反映されない不具合を修正
・一部サイトが正常に表示されない不具合を修正
・一部jigletが正常に動作しない不具合を修正
・90度回転/横画面利用時に、フォントが小さくなる不具合修正
・90度回転が正常に動作しない不具合を修正
・自動終了設定の「閉じたとき」が正常に動作しない不具合を修正

◇サーバ側
・amazonにログインできない不具合を修正
・iGoogleで通信エラーが発生する場合のある不具合を修正
・URL先頭のHTTPなどが大文字の場合に正常に閲覧できない不具合を修正
・JavaScriptの一部除外リストを修正
・閲覧時にiモードIDの通知が必須となっていた不具合を修正
・クッキーの期限に関する不具合を修正
・フレームのあるページで表示が途切れる不具合を修正"
2008-10-22,jigブラウザ(ver.7) サーバ側の修正,"jigブラウザ(ver.7) サーバ側の変更を行いました。アプリのバージョンアップは不要です。
修正点は以下になります。
・amazonにログインできない不具合を修正
・iGoogleで通信エラーが発生する場合のある不具合を修正
・URL先頭のHTTPなどが大文字の場合に正常に閲覧できない不具合を修正
・JavaScriptの一部除外リストを修正
・クッキーの期限に関する不具合を修正
・フレームのあるページで表示が途切れる不具合を修正"
2008-10-22,サーバ障害復旧のお知らせ,お客様番号の末尾が1031のお客様へ。10/21(火)22時頃～10/22(水)2時25分頃の間、ハードウェア障害によりjigブラウザをご利用いただけない状況となっておりました。現在は復旧し正常にご利用いただけます。この度はご迷惑をおかけし誠に申し訳ありませんでした。
2008-10-24,jigブラウザ9ver1.0.2リリース,"jigブラウザ9の最新バージョン1.0.2を公開しました。 
つきましては、バージョンアップをお願いします
修正点は以下になります。
・待受状態から活性化する際、エラー終了する不具合を修正（ドコモのみ）
・設定で変更を行う際、エラー終了する不具合を修正"
2008-10-24,サーバ障害のお知らせ,"お客様番号の末尾が2004のお客様へ。10/24(金)0:05～5:45の間、システム障害によりご利用いただけない状況となっておりました。大変申し訳ありません。 
現在は復旧し正常にご利用いただけます。この度はご迷惑をおかけし誠に申し訳ありませんでした。"
2008-10-28,jigブラウザ サーバ側の修正,"jigブラウザ サーバ側の変更を行いました。アプリのバージョンアップは不要です。
修正点は以下になります。
・一部の画像でリンクが効かない不具合を修正
・PCメールが利用できない不具合を修正
・一部サイトでログインできない不具合を修正
・絵文字が含まれるサイトが表示されないことがある不具合を修正
・Yahoo!経由でダウンロードした場合でも検索がGoogleになってしまう不具合を修正
・P905iで一部の画像が表示されない不具合を修正
jigブラウザ9のみ以下の修正点も含まれます。
・Yahoo!番組表などのサイトのレイアウトを修正
・JavaScriptの除外サイトにロイター、Bloggerを追加
・Flash内リンクの表示位置を調整"
2008-10-29,jigブラウザ9ver1.0.3リリース,"jigブラウザ9の最新バージョン1.0.3を公開しました。 
ドコモの方はバージョンアップをお願いします。
修正点は以下になります。
・画面メモ機能を追加
・標準メニューでURL・検索ワードの履歴を削除する機能を追加
・ページ情報からタイトルをコピーする機能を追加
・ポッドキャストjigletで音声が途中から再生されなくなる不具合を修正
・クラシックメニューで履歴の全件削除ができない不具合を修正
・jigletのラジオが正常に動作しない不具合を修正
・SDからタブ復元した場合に、フォントが小さくなる不具合を修正
・自動終了設定を閉じたときにした場合、正常に待受に戻らない不具合を修正
・自動終了設定を閉じたときにした場合、一部機種で液晶を反転させて閉じたときは終了しないように修正
・カーソル表示/非表示ショートカットが動作しない不具合を修正
・一部サイトで画面スクロールが重い不具合を修正
・メニューからの検索で、一部ワードが正常に検索できない不具合を修正
・お気に入り追加の際、保存サイズ上限を超えた場合に「追加しました」と表示される不具合を修正
・ニューロポインタ利用時、自動終了する不具合を修正"
2008-10-31,jigブラウザ9ver1.0.4リリース,"jigブラウザ9の最新バージョン1.0.4を公開しました。 
ドコモの方はバージョンアップをお願いします。
修正点は以下になります。
・一部機種でポッドキャストが正常に再生されない不具合を修正
・一部機種で待受アプリ設定時、活性化できない不具合を修正
・画面メモのフォルダ削除で、全データが消えてしまう不具合を修正"
2008-11-04,jigブラウザVer.5サービス提供終了のお知らせ,"2005年8月からサービス提供を行ってきましたjigブラウザVer.5につきまして、新バージョンの安定稼動・品質維持及び更なる利便性向上を目的とし、下記の通り2009年3月17日をもってサービスの提供を終了致します。
現在jigブラウザVer.5をご利用のお客様は、jigブラウザ9、jigブラウザVer.7を引き続きご利用になれます。jigブラウザサイトTOPよりダウンロードをお願いします。
また、サービス終了に先立ち、本日をもってjigブラウザVer.5の不具合修正等のサポートを終了致します。

　2008年11月4日(火)：サポート終了
　・以降、jigブラウザVer.5の不具合・要望等に関しては対応致しません。
　2008年12月4日(木)：アプリダウンロード停止
　・jigブラウザVer.5の新規ダウンロード及び再ダウンロードが行えなくなります。
　2009年3月17日(火)：jigブラウザVer.5サービス終了
　・jigブラウザVer.5のご利用が出来なくなります。"
2008-11-10,サーバメンテナンスのお知らせ,"サーバシステムの改善のため、下記の通りサーバメンテナンスを実施します。
該当のお客様におかれましては、メンテナンス作業中に20分程度、jigブラウザがご利用いただけなくなります。
ご迷惑をおかけ致しますが、宜しくお願い申し上げます。

11/12(水）午前10:00～12:00
　お客様番号の末尾0001、1002～1010のお客様

11/13(木）午前10:00～12:00
　お客様番号の末尾1011～1013、1015～1019、1021のお客様

11/14(金）午前10:00～12:00
　お客様番号の末尾1026～1030、1032～1035、1037のお客様

11/17(月）午前10:00～12:00
　お客様番号の末尾2037、2042～2044、2061～2065のお客様

11/18(火）午前10:00～11:00
　お客様番号の末尾2071、2072、2099、2100のお客様"
2008-11-11,jigブラウザver7.9.0リリース,"jigブラウザの最新バージョン7.9.0を公開しました。 
ドコモの方はバージョンアップをお願いします。
修正点は以下になります。
・一部リンクにおいて正常に動作しない不具合を修正
※申し訳ありませんが、ソフトバンク機種をご利用のお客様への対応は12日以降となります。"
2008-11-11,jigブラウザver7.8.9リリース,"jigブラウザの最新バージョン7.8.9を公開しました。 
ドコモの方はバージョンアップを、ソフトバンクの方は再ダウンロードをお願いします。
修正点は以下になります。
【ドコモメガiアプリ】
・Yahoo!でページのレイアウトが崩れる不具合を修正
・画像の多いページの開閉を繰り返すと画像を読み込まなくなる不具合を修正
・ダウンロード後の初回起動時にjigletのダウンロード確認ダイアログが出る場合がある不具合を修正
・文章ビューで初期フォーカスの位置がずれる不具合を修正
・一部のページ内リンクが正常に動作しない不具合を修正

【ドコモ 90Xi/706i/705i/704i/703i/F702iD】
・初期設定画面の料金プランに「パケホーダイ」が表示されない不具合を修正
・画像の多いページの開閉を繰り返すと画像を読み込まなくなる不具合を修正
・ダウンロード後の初回起動時にjigletのダウンロード確認ダイアログが出る場合がある不具合を修正
・文章ビューで初期フォーカスの位置がずれる不具合を修正
・一部のページ内リンクが正常に動作しない不具合を修正
・画面印刷等の一部赤外線通信機能を非対応に変更
※jigマルチリモコンは今までどおりご利用いただけます。

【ソフトバンク】
・ダウンロード後の初回起動時にjigletのダウンロード確認ダイアログが出る場合がある不具合を修正
・文章ビューで初期フォーカスの位置がずれる不具合を修正
・一部のページ内リンクが正常に動作しない不具合を修正"
2008-11-12,RSSデータ一部破損のお知らせ,"現在、一部のお客様において、RSSデータが破損しRSS関係のjiglet、および設定履歴保存がご利用できない現象が発生しております。
ご迷惑をおかけ致しており、誠に申し訳ございません。
只今修正作業を行っており、近日中に対応致します。修正が完了しましたら再度お知らせしますので、よろしくお願い致します。"
2008-11-12,jigブラウザ9ver1.0.5リリース,"jigブラウザ9の最新バージョン1.0.5を公開しました。 
つきましては、バージョンアップをお願いします
修正点は以下になります。
・ショートカットに文章コピーを追加
・ショートカットに画像再読込を追加
・jigletが起動/削除ができない場合がある不具合を修正
・待受画像の変更ができない場合がある不具合を修正
・MENU長押しのタスク一覧で、サムネイルが全て同じになる不具合を修正
・リンク吸着が正常に動作しない場合がある不具合を修正
・一部サイトの表示に時間がかかる不具合を修正
・横画面で活性化した場合に、横向き表示にならない不具合を修正"
2008-11-12,jigブラウザ9 サーバ側の修正,"jigブラウザ9 サーバ側の変更を行いました。アプリのバージョンアップは不要です。 
修正点は以下になります。 
・Yahoo!メールで送信するメールから改行が消える場合がある不具合を修正
・日経トレンディなどのポッドキャストを購読できない不具合を修正
・気象庁の天気予報、アルクのJavaScriptに対応
・日経ネットPLUSのログインに対応
・JavaScript設定が無効以外のときにみんカラのブログでコメント欄が表示されない不具合を修正
・ケータイモードで右側に文字がはみ出る場合がある不具合を修正"
2008-11-12,jigブラウザ(ver.7) サーバ側の修正,"jigブラウザ(ver.7) サーバ側の変更を行いました。アプリのバージョンアップは不要です。 
修正点は以下になります。 
・Yahoo!メールで送信するメールから改行が消える場合がある不具合を修正
・日経トレンディなどのポッドキャストを購読できない不具合を修正
・気象庁の天気予報、アルクのJavaScriptに対応
・日経ネットPLUSのログインに対応
・ケータイモードで右側に文字がはみ出る場合がある不具合を修正"
2008-11-13,jigブラウザver7.9.1リリース,"jigブラウザの最新バージョン7.9.1を公開しました。 
ドコモの方はバージョンアップを、ソフトバンクの方は再ダウンロードをお願いします。
修正点は以下になります。 
・RSSデータが破損する場合がある不具合を修正
・一部リンクにおいて正常に動作しない不具合を修正（ソフトバンク）

また、現在RSSが正常にご利用できないお客様におかれましては、お手数をお掛けしますが、下記手順にてデータの復旧をお願いします。
【復旧方法】
ご利用中のアプリを最新バージョン7.9.1にバージョンアップし、起動時に表示されるダイアログよりRSSデータの初期化をお願いします。
※データが破損していない場合はダイアログは表示されず、そのままご利用頂けます。
※設定保存されている場合は、保存した時点のデータが復元されます。"
2008-11-13,ダウンロード不具合復旧のお知らせ,11/12(水)15時頃～11/13(木)13時45分、ドコモ端末をご利用の一部お客様において、jigブラウザのダウンロードおよびバージョンアップができない不具合が発生しておりました。現在は復旧し正常にご利用いただけます。この度はご迷惑をおかけし誠に申し訳ありませんでした。
2008-11-13,ダウンロード不具合について,11/12(水)より、ドコモ端末にてご利用の一部お客様において、jigブラウザのダウンロードおよびバージョンアップができない不具合が発生しております。ご迷惑をおかけ致しており大変申し訳ありません。現在、復旧作業を行っております。復旧が確認できましたら再度お知らせ致しますので、何卒よろしくお願い致します。
2008-11-14,課金サーバ メンテナンス,11/20(木)16:00～16:30頃、課金サーバのメンテナンスのため、当サービスを含む弊社有料サービスの購入/解約/ユーザー登録情報変更のお手続きがご利用いただけません。ご迷惑をおかけ致しますが、宜しくお願い申し上げます。
2008-11-14,ドコモケータイ払いシステム一時停止のお知らせ,11/19(水)3:00～4:30、ドコモケータイ払いシステムのメンテナンス作業のため、ドコモケータイ払いによる決済がご利用いただけません。ご迷惑をおかけ致しますが、よろしくお願い申し上げます。
2008-11-18,「jigブラウザ9」ソフトバンクモバイル一般版リリース,"10月15日にリリースした「jigブラウザ9」が、ソフトバンクモバイル一般版にも対応し提供を開始いたしました。
ユーザインターフェイスおよびデザインの大幅な改善と、数々の新機能の搭載によって、より一層使いやすくなった“新”「jigブラウザ」を是非お試しください。

※「jigブラウザ」を既にダウンロードされている場合も「jigブラウザ9」の利用には別途ダウンロードが必要です。なお、別途利用料金はかかりません。
※「jigブラウザ9」の詳細およびダウンロードは、http://br.jig.jp/に携帯電話でアクセスしてください。"
2008-11-20,jigブラウザ9ver1.0.7リリース,"jigブラウザ9の最新バージョン1.0.7を公開しました。
つきましては、バージョンアップをお願いします。
修正点は以下になります。
・P-01AのWオープンに対応
・P-01Aでクリアキーが動作しない不具合を修正
・一部サイトでログインサポートが動作しない不具合を修正"
2008-11-20,jigブラウザver7.9.2リリース,"jigブラウザの最新バージョン7.9.2を公開しました。
ドコモの方はバージョンアップをお願いします。
修正点は以下になります。
・P-01AのWオープンに対応
・P-01Aでクリアキーが動作しない不具合を修正
・一部ドコモ新機種にてソフトラベルが正常に表示されない不具合を修正"
2008-11-20,jigブラウザ9 サーバ側の修正,"jigブラウザ9 サーバ側の変更を行いました。アプリのバージョンアップは不要です。
修正点は以下になります。
・Yahoo!オークションの出品中商品の情報編集に対応
・一部サイトのレイアウトを修正
・Yahoo!ゆうパックで住所入力後にエラーが発生する不具合を修正
・クッキー処理にかかわる不具合を修正"
2008-11-20,jigブラウザ(ver.7) サーバ側の修正,"jigブラウザ(ver.7) サーバ側の変更を行いました。アプリのバージョンアップは不要です。
修正点は以下になります。
・mixiでメッセージ返信が出来ない不具合を修正
・一部サイトのレイアウトを修正
・クッキー処理にかかわる不具合を修正"
2008-11-21,jigブラウザ9 サーバ側の修正,"jigブラウザ9 サーバ側の変更を行いました。アプリのバージョンアップは不要です。 
修正点は以下になります。 
・一部サイトで背景が黒くなり文字が見えなくなる不具合を修正"
2008-11-21,jigブラウザ(ver.7) サーバ側の修正,"jigブラウザ(ver.7) サーバ側の変更を行いました。アプリのバージョンアップは不要です。 
修正点は以下になります。 
・一部サイトで背景が黒くなり文字が見えなくなる不具合を修正"
2008-11-21,jigブラウザ9ver1.0.8リリース,"jigブラウザ9の最新バージョン1.0.8を公開しました。 
ドコモの方はバージョンアップをお願いします。
修正点は以下になります。
・リンククリック時にフリーズする場合のある不具合を修正
・N-01Aで電池残量がニューロポインタアイコンと重なる不具合を修正"
2008-11-26,jigベンチマークver2.0.1リリース,"jigベンチマークをバージョンアップしました。最新バージョンは2.0.1です。
修正点は以下の通りです。
・計測結果をサーバに送信すると、通信エラーになる不具合を修正
・ランキングにおいて、同じ機種の計測結果が複数表示される不具合を修正
・ランキングにおいて、ドコモ新シリーズのキャリアがソフトバンクになっていた不具合を修正"
2008-11-29,緊急メンテナンスのお知らせ,"お客様番号の末尾が2004のお客様へ。先ほどのサービス停止時においてハードウェアに障害が発見されたため、緊急メンテナンスを行います。
11/29(土)23:20～11/30(日)0:20の間、ハードウェアの交換作業のため、jigブラウザがご利用いただけません。
ご迷惑をおかけ致しますが、宜しくお願い申し上げます。"
2008-11-29,サーバ障害のお知らせ,"お客様番号の末尾が2004のお客様へ。11/29(土)22:12～22:57の間、システム障害によりご利用いただけない状況となっておりました。大変申し訳ありません。 
現在は復旧し正常にご利用いただけます。この度はご迷惑をおかけし誠に申し訳ありませんでした。"
2008-11-30,緊急メンテナンス完了のお知らせ,"お客様番号の末尾が2004のお客様へ。11/29(土)23:20より実施していた緊急メンテナンスが11/30(日)0:38に完了しました。
今回のメンテナンスにより暫定的に復旧しておりますが、安定稼働させるために後日サーバ移動作業を行います。
緊急メンテナンスの完了が予定より遅れ、ご迷惑をおかけし誠に申し訳ありませんでした。"
2008-12-01,jigブラウザVer.5アンケート実施,"jigブラウザVer.5のサービス終了にあたり、jigブラウザVer.5を現在お使いになっている、またはjigブラウザVer.5をお使いになったことのあるお客様へアンケートを実施します。
jigブラウザ9、およびjig.jpサービスのさらなる向上のため、アンケートにご協力下さい。
＞jigブラウザVer.5アンケート"
2008-12-01,サーバメンテナンスのお知らせ,お客様番号の末尾が2004のお客様へ。12/3(水)14:00～15:00の間、サーバメンテナンスとしてサーバ移動作業を行うため、jigブラウザがご利用いただけません。ご迷惑をおかけ致しますが、宜しくお願い申し上げます。
2008-12-04,jigブラウザ9 サーバ側の修正,"jigブラウザ9 サーバ側の変更を行いました。アプリのバージョンアップは不要です。 
修正点は以下になります。 
・動画サイト【YouTube】で検索機能が動作しない不具合を修正"
2008-12-04,jigブラウザ(Ver.7) サーバ側の修正,"jigブラウザ(Ver.7) サーバ側の変更を行いました。アプリのバージョンアップは不要です。 
修正点は以下になります。 
・動画サイト【YouTube】で検索機能が動作しない不具合を修正"
2008-12-04,jigブラウザ9ver1.0.9リリース,"jigブラウザ9の最新バージョン1.0.9を公開しました。 
ドコモの方はバージョンアップを、ソフトバンクの方は再ダウンロードをお願いします。
修正点は以下になります。
【ドコモ】 
・表示設定の高度な設定に、ソフトラベル表示設定を追加（フルスクリーン表示対応機種のみ）
・表示設定の高度な設定に、太字設定を追加（太字対応機種のみ）
・ショートカットに明るさ調整を追加
・ショートカットに自動回転を追加（D905i/D904iのみ）
・画像保存時のサイズ変更時に、端末の待受画像サイズにするよう変更
・ニューロポインタが正常に動作しない場合がある不具合を修正
・一部サイトで次フォーカス・前フォーカスが動作しない不具合を修正
・文章範囲選択からコピーを選択したとき、改行が反映されない不具合を修正
・自動終了設定を有効にした場合、文字入力中に終了する不具合を修正
・画面メモ削除時に、SDカードからファイルが削除されない不具合を修正

【ソフトバンク】
・表示設定の高度な設定に、ソフトラベル表示設定を追加
・表示設定の高度な設定に、太字設定を追加（太字対応機種のみ）
・一部サイトで次フォーカス・前フォーカスが動作しない不具合を修正
・文章範囲選択からコピーを選択したとき、改行が反映されない不具合を修正
・自動終了設定を有効にした場合、文字入力中に終了する不具合を修正
・931SHでのタッチパネル対応を一時削除（後日、正式対応予定）"
2008-12-04,jigブラウザ9 サーバ側の修正,"jigブラウザ9 サーバ側の変更を行いました。アプリのバージョンアップは不要です。 
修正点は以下になります。 
・一部サイトのレイアウトを修正
・SSLで暗号化されたサイト（主にhttpsで始まるサイト）の一部が表示されない不具合を修正
・Yahoo!知恵袋で「この質問に回答する」というボタンが表示されない不具合を修正
・クッキー処理に関わる不具合を修正
・以下のサイトでのJavaScript対応範囲を拡大
　technobahn、スペースアルク、EMチャージ、MHP2G@Wiki、ポップストリート、ナチュラム"
2008-12-04,jigブラウザ(ver.7) サーバ側の修正,"jigブラウザ(ver.7)サーバ側の変更を行いました。アプリのバージョンアップは不要です。 
修正点は以下になります。 
・一部サイトのレイアウトを修正
・SSLで暗号化されたサイト（主にhttpsで始まるサイト）の一部が表示されない不具合を修正
・Yahoo!知恵袋で「この質問に回答する」というボタンが表示されない不具合を修正
・クッキー処理に関わる不具合を修正"
2008-12-05,jigブラウザ9ver1.1.0リリース,"jigブラウザ9の最新バージョン1.1.0を公開しました。 
ドコモの方はバージョンアップをお願いします。
修正点は以下になります。
・横向き対応端末で横向き状態で起動したとき画面が横向き表示されない不具合を修正
・自動回転有効時、カーソルが隅に移動できない不具合を修正"
2008-12-08,jigブラウザ9 サーバ側の修正,"jigブラウザ9 サーバ側の変更を行いました。アプリのバージョンアップは不要です。 
修正点は以下になります。 
・一部のお客様において、お問い合わせなどを含むSSL利用サイトにアクセスできない不具合を修正"
2008-12-08,jigブラウザ(ver.7) サーバ側の修正,"jigブラウザ(ver.7) サーバ側の変更を行いました。アプリのバージョンアップは不要です。 
修正点は以下になります。 
・一部のお客様において、お問い合わせなどを含むSSL利用サイトにアクセスできない不具合を修正"
2008-12-10,BASIC認証サイトの閲覧不具合について,"本日、BASIC認証が必要なサイトにアクセスできない不具合について修正を行いましたが、修正後も一部サイトにおいてアクセスできない状態となっておりました。大変申し訳ございませんでした。
現在は追加修正を行いアクセスが可能な状態となっております。なお、正しいパスワードを入力してもエラーが発生する場合には、再読込することでアクセスすることができます。この度はご迷惑をおかけし誠に申し訳ありませんでした。
※アプリのバージョンアップは不要です。"
2008-12-10,jigブラウザ9 サーバ側の修正,"jigブラウザ9 サーバ側の変更を行いました。アプリのバージョンアップは不要です。 
修正点は以下になります。 
・レイアウト設定が[ケータイ]の場合、一部サイトにアクセスするとエラーが発生する不具合を修正
・BASIC認証が必要なサイトにアクセスできない不具合を修正"
2008-12-10,jigブラウザ(Ver.7) サーバ側の修正,"jigブラウザ(Ver.7) サーバ側の変更を行いました。アプリのバージョンアップは不要です。 
修正点は以下になります。 
・BASIC認証が必要なサイトにアクセスできない不具合を修正"
2008-12-16,新RSSリーダーjigletリリース,"RSSリーダーjigletの提供を開始致しました。
UI/デザインの改善及び新たな機能の追加により、今までのRSSjigletよりも更に便利になりました。
新たに追加になった機能は以下の通りです。
・文字サイズ設定機能
・待受jigletに対応（ドコモのみ）
・自動更新＆振動通知機能（待受jiglet設定時）
・記事検索機能
・既読記事削除機能

※今までのRSSjigletとは別jigletとなります。
※jigブラウザをダウンロードするとプリインストールされます。
※jigブラウザをダウンロード済みの方はjigletギャラリーからダウンロードしてご利用ください。
※jigブラウザVer.7ではVer7.9.3以降でご利用いただけます。古いバージョンをご利用中の方はバージョンアップをお願いします。"
2008-12-16,jigブラウザVer7.9.3リリース,"jigブラウザの最新バージョン7.9.3を公開しました。 
ドコモの方はバージョンアップを、ソフトバンクの方は再ダウンロードをお願いします。 
修正点は以下になります。 
・一部jigletが正常に動作しない不具合を修正"
2008-12-17,年末年始の営業に関するお知らせ,"平素はjig.jpのサービスをご利用いただき誠にありがとうございます。
年末年始の営業に関して、次のように案内をさせていただきます。
休業期間：12月30日(火)～1月4日(日)

[お問い合わせの対応]
12/30(火)より1/4(日)までサポート業務が停止致します。
12/29(月)17:00以降にいただいたお問合せへの返信は1/5(月)以降、順次対応致します。
※混みあっている際は返信に数日かかる場合がございます。予めご了承下さい。

[銀行・郵便振込の登録処理]
12/30(火)より1/4(日)まで登録処理が停止致します。
12/29(月)15:00以降のお振込みに対する登録処理は1/5(月)となります。

[その他お支払いによる登録]
通常通りご利用になれます。

[サービスの利用] 
通常通りご利用になれます。

ご迷惑をお掛け致しますが、何卒よろしくお願い申し上げます。"
2008-12-18,jigブラウザ9ver1.1.1リリース,"jigブラウザ9の最新バージョン1.1.1を公開しました。 
ドコモの方はバージョンアップを、ソフトバンクの方は再ダウンロードをお願いします。 
修正点は以下になります。 
【ドコモ】 
・N-01Aのタッチパネルに対応
・一部機種のサイドキーに対応
・タブ一覧に「MENU」を追加
・空白ホームでの初期カーソル位置をテキストボックスに変更
・「設定」→「ページ」→「高度な設定」に「信頼できない証明書」を追加
・「設定」→「ページ」→「高度な設定」の「JavaScript」で「有効（一部除外）」を削除
・tel:リンクが正常に動作しない不具合を修正
・一部jigletが正常に動作しない不具合を修正
・jigletが正常に起動しない場合がある不具合を修正
・D端末で自動終了設定の「閉じたとき」が正常に動作しない不具合を修正

【ソフトバンク】 
・931SHのタッチパネルに対応
・タブ一覧に「MENU」を追加
・空白ホームでの初期カーソル位置をテキストボックスに変更
・「設定」→「ページ」→「高度な設定」に「信頼できない証明書」を追加
・「設定」→「ページ」→「高度な設定」の「JavaScript」で「有効（一部除外）」を削除
・tel:リンクが正常に動作しない不具合を修正
・一部jigletが正常に動作しない不具合を修正"
2008-12-18,jigブラウザ9 サーバ側の修正,"jigブラウザ9 サーバ側の変更を行いました。アプリのバージョンアップは不要です。 
修正点は以下になります。 
・以下のサイトでのJavaScript対応範囲を拡大 
　アメーバブログ、JR CYBER STATION、オンライン・フランクリン・プランナー
・RSS登録画面でのタイトルが本来のものと異なる場合がある不具合を修正"
2008-12-18,jigブラウザ(Ver.7) サーバ側の修正,"jigブラウザ(Ver.7) サーバ側の変更を行いました。アプリのバージョンアップは不要です。 
修正点は以下になります。 
・以下のサイトでのJavaScript対応範囲を拡大 
　アメーバブログ、JR CYBER STATION、オンライン・フランクリン・プランナー
・RSS登録画面でのタイトルが本来のものと異なる場合がある不具合を修正
・ドコモ新機種においてRSS登録画面で登録ボタンが表示されない不具合を修正"
2008-12-24,jigブラウザ9ver1.1.4リリース,"jigブラウザ9の最新バージョン1.1.4を公開しました。
ドコモの方はバージョンアップをお願いします。
修正点は以下になります。 
・バージョンアップ後に一部データが初期化されてしまう不具合を修正"
2008-12-24,jigブラウザ9ver1.1.3リリース,"jigブラウザ9の最新バージョン1.1.3を公開しました。 
ドコモの方はバージョンアップをお願いします。
修正点は以下になります。
・一部機種で起動しない不具合を修正"
2008-12-24,jigブラウザ9ver1.1.2リリース,"jigブラウザ9の最新バージョン1.1.2を公開しました。 
ドコモの方はバージョンアップをお願いします。
修正点は以下になります。
・P-01Aで設定可能なフォントが少ない不具合を修正
・長時間利用時、画像を読み込まなくなる不具合を修正"
2008-12-25,jigスケジューラ for Google カレンダーver2.0.0リリース,"jigスケジューラ for Google カレンダーの最新バージョン2.0.0を公開しました。 
修正点は以下の通りです。
・繰り返し予定の新規作成や複数パターンでの変更や削除に対応
　繰り返し予定の新規作成や、複数パターンでの変更や削除が可能になりました。
・「Googleカレンダー」との同期可能な期間を変更
　1週間前から2か月先までだった同期可能期間を、期間を問わず、新規に登録された予定から200件まで同期可能になりました。
　※キャリアの通信データサイズ制限により200件以下になる場合あります。"
2008-12-27,サーバ障害のお知らせ,"お客様番号の末尾が2004のお客様へ。12/27(土)3:01～11:20の間、ファイルシステム障害によりjigブラウザのご利用に不具合が発生しておりました。大変申し訳ありません。
現在は復旧し正常にご利用いただけます。
ファイルシステム障害の影響で、障害時間中に行われたお気に入りや設定の変更が、正常にサーバ保存または復元されておりませんでした。
障害時間中にjigブラウザをご利用になられたお客様で、お気に入りや設定が変わってしまった場合は、アプリの再ダウンロードで以前のサーバ保存状態へ戻すことができます。
この度は、長時間に渡るサーバ障害によって、大変なご迷惑をおかけし誠に申し訳ありませんでした。"
2009-10-15,緊急メンテナンスのお知らせ,"お客様番号の末尾が2071のお客様へ。該当サーバにおいてハードウェアの異常が発見されたため、10/16(金)10:00～11:00の間、緊急メンテナンス作業を行います。
メンテナンス作業中、30分～1時間程度、jigブラウザがご利用頂けません。
ご迷惑をおかけ致しますが、宜しくお願い申し上げます。

※作業状況により、時間が前後する可能性がありますので予めご了承ください。"
2009-10-26,Web検索機能での不具合修正のお知らせ,"jigブラウザVer.7, 9, 9i, jigブラウザ公式版, jigブラウザ9公式版をお使いのお客様へ。
10/23(金)頃から、Yahoo!検索サイトでの変更に伴い、jigブラウザのWeb検索機能、および、いくつかのjigletでYahoo!での検索が行えない状態となっておりました。
各バージョンのjigブラウザにつきましては、現在は修正され、正常にご利用いただけます。
以下のjigletにつきましてはバージョンアップの必要がありますので、お手数ですがバージョンアップをお願いいたします。
・jigマルチ検索
・サーチエンジン
・Yahoo検索
この度はご迷惑をおかけいたしまして誠に申し訳ありませんでした。"
2009-10-27,youtubeの一部動画が再生できない不具合について,"jigブラウザ9, 9iをお使いのお客様へ。
現在、YouTube様のサイト変更に伴い、アップロード者によってブログ等への埋め込みが無効化されている動画が再生ができない状態となっております。
動画ページ右側の「埋込み」の欄が「リクエストによる埋め込み無効」となっているものが該当します。
現在、対応作業に当たっておりますが、完了時期については目処が立っておりません。
この度はご迷惑をおかけいたしまして誠に申し訳ありません。"
2009-11-05,jigブラウザ9Ver1.3.8、jigブラウザ9i(iウィジェット対応版)Ver1.3.8リリース,"jigブラウザ9(ドコモ版)及びjigブラウザ9i(iウィジェット対応版)の最新バージョン1.3.8を公開しました。
ドコモの方はバージョンアップを、ソフトバンクの方は再ダウンロードをお願いします。 
修正点は以下になります。

・カーソルの二度押し機能に割り当てた「URL/jigletを指定」を実行すると、エラーが発生する不具合を修正
　※バージョンアップ後に、二度押し機能を設定し直す必要があります。
・URLの長さが1024文字以上のリンクを含むページを表示できない不具合を修正
・ログインサポート機能で「新規入力」をタッチパネルで選択できない不具合を修正
・電波の受信レベルが端末アイコンと一致しない不具合を修正(ドコモのみ)
・ページ内リンクが正常に動作しない事がある不具合を修正
・フォームが正常に送信されない事がある不具合を修正
・テキストの多いページで、ページ内検索が正常に動作しない事がある不具合を修正
・SDに保存しているjigletのバージョンアップができない事がある不具合を修正(ドコモのみ)"
2009-11-11,YouTubeの一部動画が再生できない不具合について,"jigブラウザ9, 9iをお使いのお客様へ。
YouTube様のサイト変更に伴い、アップロード者によってブログ等への埋め込みが無効化されている動画が再生ができない状態となっておりました件について、修正を完了いたしました。現在は正常にご覧頂けます。
この度はご迷惑をおかけいたしまして誠に申し訳ありませんでした。"
2009-11-12,YouTubeの動画が再生できない不具合を修正,"jigブラウザ9, 9iをお使いのお客様へ。 
YouTube様のサイト変更に伴い、YouTubeの動画が再生ができない状態となっておりましたが、修正いたしました。現在は正常にご利用頂けます。
この度はご迷惑をおかけいたしまして誠に申し訳ありませんでした。"
2009-11-12,辞書検索Ver.1.0.3リリース,"辞書検索の最新バージョン1.0.3を公開しました。
修正点は以下の通りです。
・検索結果が正常に表示されない不具合を修正"
2009-11-12,jigマルチ検索Ver.1.0.2リリース,"jigマルチ検索の最新バージョン1.0.2を公開しました。
修正点は以下の通りです。
・検索エンジン「goo:辞書」の検索結果が正常に表示されない不具合を修正
・テクノラティジャパンの閉鎖に伴い検索エンジンから「ブログ:Technorati」を削除"
2009-11-12,YouTubeの動画が再生できない不具合について,"jigブラウザ9, 9iをお使いのお客様へ。 
YouTube様のサイト変更に伴い、YouTubeの動画が再生ができない状態となっております。 
現在、対応作業に当たっておりますので、対応が完了しましたら再度お知らせ致します。
この度はご迷惑をおかけいたしまして誠に申し訳ありません。"
2009-11-13,緊急メンテナンス完了のお知らせ,"お客様番号の末尾が1030のお客様へ。予定していた緊急メンテナンスは時間を延長して19時30分に終了しました。
ハードウェアの障害により、サーバに保存されていたアプリの設定情報およびcookieデータについて、12日午前4時以降の変更が反映されておりません。
サーバへアプリの設定保存をされている方は、再度アプリの設定保存を行うようお願い致します。
また、cookieデータについても、サイトのログイン状態等が反映されていない場合がございます。該当する場合は再度ログイン等して頂くようお願い致します。

メンテナンス時間の延長、ならびに設定情報等の反映不具合が発生したこと、誠に申し訳ありませんでした。"
2009-11-13,jigブラウザ サーバ側の修正,"jigブラウザ サーバ側の変更を行いました。
アプリのバージョンアップは不要です。 
修正点は以下になります。 
・YouTubeでページ上部・下部の検索ができないことがある不具合の修正
・一部サイトのJavaScript動作を改善
・一部サイトのレイアウトを改善"
2009-11-13,緊急メンテナンスのお知らせ,"お客様番号の末尾が1030のお客様へ。該当サーバにてハードウェアに問題が発見されたため、11/13(金) 18:00～19:00(本日18時～19時)の間、緊急メンテナンス作業を行います。
メンテナンス時間中は、30分～1時間程度、jigブラウザがご利用いただけません。
ご迷惑をおかけ致しますが、宜しくお願い申し上げます。

※作業状況により、時間が前後する可能性がありますので予めご了承ください。"
2009-11-19,jigブラウザ9Ver1.3.9、jigブラウザ9i(iウィジェット対応版)Ver1.3.9リリース,"jigブラウザ9(ドコモ版)及びjigブラウザ9i(iウィジェット対応版)の最新バージョン1.3.9を公開しました。
ドコモの方はバージョンアップをお願いします。 
修正点は以下になります。

・画面メモ追加時に、空き容量不足のエラーメッセージが誤って表示される事がある不具合を修正
・SH-06Aにおいて、ビューアスタイルの状態でアプリを起動した場合に、タッチクルーザーが利用できない不具合を修正(9iのみ)"
2009-11-24,サーバ障害復旧のお知らせ,"お客様番号の末尾が1030のお客様へ。11/24(火)14:20頃～16:30の間、ハードウェア障害により、ご利用いただけない状況となっておりました。
現在は復旧し、正常にご利用頂けます。この度はご迷惑をおかけ致しまして誠に申し訳ございませんでした。"
2009-11-24,サーバ障害のお知らせ,"お客様番号の末尾が1030のお客様へ。11/24(火)14:20頃よりハードウェア障害が発生しており、ご利用いただけない状況となっております。ご迷惑をおかけ致しまして誠に申し訳ございません。
現在復旧作業を行っております。復旧まで今しばらくお待ちいただけますようお願い申し上げます。"
2009-11-25,待受jiglet for Yahoo! JAPAN Ver.1.0.4リリース,"待受jiglet for Yahoo! JAPANの最新バージョン1.0.4を公開しました。
修正点は以下の通りです。
・jigletの起動中に画面回転を行うと、jigletが正常に表示されなくなる不具合を修正"
2009-11-25,jigメーラー Ver.2.0.2リリース,"jigメーラーの最新バージョン2.0.2を公開しました。
修正点は以下の通りです。
・自動BCC設定を追加
・メールがない状態の送信メール、送信済み、下書きフォルダを選択した時に、新規メールを作成できるように変更
・アカウント一覧、フォルダ一覧で新着受信を行った場合に、すべての受信メールフォルダを表示するように変更
・一部のヘルプページが正常に表示されない不具合を修正
・メーリングリストに対する返信が正常にできない不具合を修正"
2009-12-04,jigスケジューラ for GoogleカレンダーVer.2.0.4リリース,"jigスケジューラ for Googleカレンダーの最新バージョン2.0.4を公開しました。 
修正点は以下の通りです。 
・同期設定画面に同期期間を指定する項目を追加"
2009-12-11,docomo PRIME Series「N-02B」でのタッチパネル対応について,"本日ドコモから発売されたN-02Bにおきまして、タッチパネルでの操作時に不安定な動作をする現象が確認されております。
その為、N-02Bでのタッチパネル対応を保留しております。
キー、ニューロポインターでの操作は問題なく動作致します。
現在、対応検討中ではございますが、具体的な対応時期は未定となっております。
対応が完了しましたら改めてお知らせ致します。
対象機種をお使いのお客様には大変ご迷惑をおかけ致しますが、
ご理解の程宜しくお願い致します。"
2009-12-14,課金サーバメンテナンスのお知らせ,"下記の通り、課金サーバのメンテナンスを実施いたします。

日時：2009年12月16日（水）16:00～16:30

※上記時間帯で数秒程度の通信断が数回発生いたします。
※通信エラーが発生した場合は、時間をおいてから再度お試しください。

ご迷惑をおかけ致しますが、宜しくお願い致します。"
2009-12-17,jigブラウザ9のダウンロード不具合,12/17(木)15時30分頃～20時30分頃、ソフトバンク端末をご利用の一部お客様において、jigブラウザ9のダウンロードおよびバージョンアップができない不具合が発生しておりました。現在は復旧し正常にご利用いただけます。この度はご迷惑をおかけし誠に申し訳ありませんでした。
2009-12-17,docomo PRIME Series「N-02B」のタッチパネル対応のお知らせ,"先日お知らせいたしましたドコモN-02Bのタッチパネル対応について、修正対応を行いました。
N-02Bをご利用の方はバージョンアップをお願いします。
ただし、今回の対応によりN-02Bでは画面下部の新着メールアイコンが表示されなくなります。
ご迷惑をお掛け致しますが、ご理解の程宜しくお願い致します。"
2009-12-17,jigブラウザ9Ver1.4.0、jigブラウザ9i(iウィジェット対応版)Ver1.4.0リリース,"jigブラウザ9及びjigブラウザ9i(iウィジェット対応版)の最新バージョン1.4.0を公開しました。
ドコモの方はバージョンアップを、ソフトバンクの方は再ダウンロードをお願いします。 
修正点は以下になります。

・タッチパネル対応機種で動画再生時の表示方向切替に対応(ドコモのみ)
・SH-01Bで端末を閉じた時に横画面で表示するように変更
・N-02Bでタッチパネル操作に対応
　※新着メールの通知アイコンが表示されなくなります
・自動回転機能を追加(ソフトバンクの一部機種のみ)
・SDに保存しているjigletのバージョンアップを行うと、jigletが起動できなくなる事がある不具合を修正
・SDに保存しているjigletで、jigletのデータが保存されない事がある不具合を修正
・ログインサポート機能が正常に表示されない事がある不具合を修正
・単語選択・文章範囲選択でエラーが発生する事がある不具合を修正
・「ソース表示」jigletでエラーが発生する不具合を修正
・画面メモの表示でレイアウトが崩れる事がある不具合を修正
　※Ver.1.4.0以降で保存した画面メモのみ対応"
2009-12-18,年末年始の営業に関するお知らせ,"平素はjig.jpのサービスをご利用いただき誠にありがとうございます。
年末年始の営業に関して、次のように案内をさせていただきます。
休業期間：12月30日(水)～1月4日(月)

[お問合せの対応]
12/30(水)より1/4(月)までサポート業務が停止致します。
12/29(火)17:00以降にいただいたお問合せへの返信は1/5(火)以降、順次対応致します。
※混みあっている際は返信に数日かかる場合がございます。予めご了承下さい。

[登録/解約]
休業期間中のお問合せによる弊社での登録及び解約関連の手動処理が停止致します。
※アプリからの登録及び解約につきましては通常通りご利用になれます。

[サービスの利用]
通常通りご利用になれます。

ご迷惑をおかけしますが、何卒よろしくお願い申し上げます。"
2009-12-22,メンテナンスのお知らせ,"お客様番号の末尾が下記リストに該当するお客様へ。上位回線のネットワーク機器交換のため、12/25(金)午前5:00～6:00の間、メンテナンスが行われます。
メンテナンス作業により、作業時間中に30分程度、jigブラウザがご利用ができなくなります。
ご迷惑をおかけ致しますが、宜しくお願い申し上げます。

●該当するお客様番号の末尾4桁
　0001, 1002, 1003, 1004, 1005,
　1006, 1007, 1013, 1018, 1019,
　1021, 1031, 1033, 1034, 1035,
　1037, 2002, 2003, 2004, 2005,
　2007, 2008, 2009, 2010, 2036,
　2037, 2039, 2040, 2043, 2061,
　2063, 2064, 2065"
2009-12-24,WILLCOM向けjigブラウザのサービス終了について,"WILLCOM向けjigブラウザにつきまして、誠に勝手ではございますが、下記の通りサービスの提供を終了致します。

■音声端末向け
○2010年3月31日（水）：音声端末向けjigブラウザサービス終了
・以降、WILLCOM音声端末にてjigブラウザをご利用頂くことができません。

対象機種：WXシリーズ
WX333K/WX330K/WX321J/WX320K/WX320KR/WX320T/WX310J/WX310SA


■W-ZERO3シリーズ向け
○2010年3月31日（水）：年間利用登録の停止
・年間利用の新規登録および年間利用登録の更新が行えなくなります。
※月額登録の自動更新は継続いたします。

○2011年3月31日（木）：W-ZERO3シリーズ向けjigブラウザサービス終了
・以降、W-ZERO3シリーズ端末にてjigブラウザをご利用頂くことができません。

対象機種：W-ZERO3シリーズ、WILLCOM 03
WS011SH/WS007SH/WS004SH/WS003SH/WS020SH

長きに渡ってご利用頂きました皆様には、心より感謝申し上げます。"
2009-12-25,サーバ不具合のお知らせ,"お客様番号の末尾が0001のお客様へ。25日(金)早朝の回線メンテナンス終了後～8:37の間、jigブラウザのご利用およダウンロード等ができない状態となっておりました。
また、お客様番号の末尾が1002, 1003, 2007, 2008, 2010のお客様へ。25日(金)早朝の回線メンテナンス終了後～9:00頃の間、jigブラウザの動画再生が正常に行えない状態となっておりました。
両不具合とも現在復旧しております。
この度はご迷惑をおかけ致しまして誠に申し訳ございませんでした。"
2010-10-28,待受jiglet02 Ver.1.0.6リリース,"待受jiglet02の最新バージョン1.0.6を公開しました。
修正点は以下の通りです。
・数字キーでのショートカットが動作しない場合がある不具合を修正"
2010-11-04,jigブラウザサーバメンテナンスのお知らせ,"11/10(水)午前3:00～午前6:00の間、jigブラウザサイトのサーバメンテナンスのため、jigブラウザサイトの閲覧/アプリのダウンロードが行えません。
ご迷惑をおかけ致しますが、宜しくお願い申し上げます。

※作業状況により、時間が前後する可能性がありますので予めご了承ください。"
2010-11-09,Twitterが閲覧できない状況について,"本日10時頃から、twitter.comおよびmobile.twitter.comにアクセスした際、「エラーが発生しました」とのダイアログが表示され、閲覧できない状態となっております。
現在、調査を行っておりますが、修正の目処は立っておりません。

ご迷惑をお掛け致しますが、何卒ご了承頂けますよう、よろしくお願い致します。"
2010-11-11,jigブラウザ9Ver1.4.7、jigブラウザ9i(iウィジェット対応版)Ver1.4.7リリース,"jigブラウザ9(ドコモ版)及びjigブラウザ9i(iウィジェット対応版)の最新バージョン1.4.7を公開しました。
ドコモの方はバージョンアップを、ソフトバンクの方は再ダウンロードをお願いします。
修正点は以下になります。

・「画像読み込み中」の表示が消えないことがある不具合を修正
・お気に入りの保存容量制限が正常に機能しない場合がある不具合を修正
・ズームバーのタッチ反応領域を調整
・SDカードを抜いた状態で画面メモを表示しようとすると、アプリがエラー終了することがある不具合を修正（docomoのみ）
・文章ビューでの拡大縮小に対応(docomoのみ)
・945SH/942P/941SCでの自動回転に対応（ソフトバンクのみ）"
2010-11-16,サーバ障害のお知らせ,"jigブラウザをご利用のお客様へ。11/16(火)12:20頃から12:45の間、サーバ障害によりjigブラウザがご利用頂けない状態になっておりました。 
現在は復旧し、正常にご利用頂ける状態となっております。 
この度はご迷惑をおかけ致しまして誠に申し訳ございませんでした。"
2010-11-19,jigブラウザサーバメンテナンスのお知らせ,"11/25(木)午前1:00～午前6:00の間、jigブラウザサーバのメンテナンスを行います。
メンテナンス中は、下記のことが行えなくなります。

　・jigブラウザのご利用（通信エラーとなります）
　・jigブラウザサイトの閲覧
　・jigブラウザのご購入、ご解約
　・jigブラウザのダウンロード

ご迷惑をおかけ致しますが、宜しくお願い申し上げます。

※作業状況により、時間が前後する可能性がありますので予めご了承ください。"
2010-11-26,お問い合わせフォーム障害のお知らせ,"11/25(木) 21:00頃から11/26(金) 9:00頃まで、サーバ不具合の為、携帯電話端末からお問合せフォームへのアクセスが行えない状態となっておりました。
現在は復旧し、正常にご利用いただけます。
エラーでお問合せができなかったお客様におかれましては、大変お手数ではございますが、再度お問合せ下さい。
この度はご迷惑をおかけし、誠に申し訳ございませんでした。"
2010-12-01,jigブラウザ一部サービス終了のお知らせ,"一部のjigブラウザサービスにつきまして、主要サービスの品質向上に注力する為、下記の通りサービスの提供を終了致します。 

■対象サービス
・jigブラウザソフトバンク一般版
・オープンアプリ版jigブラウザ、及び、EZアプリ(Java)版jigブラウザ（以下、au向け旧jigブラウザ）

■jigブラウザソフトバンク一般版
○2010年12月20日（月）：新規入会（月額）の停止
・月額利用の新規登録が行えなくなります。
※月額登録の自動更新は継続いたします。

■au向け旧jigブラウザ
○2010年12月20日（月）：新規入会（月額/年間）、及び、年間登録更新の停止
・月額利用の新規登録が行えなくなります。
・年間利用の新規登録、及び、更新が行えなくなります。
※月額登録の自動更新は継続いたします。
※クレジットカード決済での年間登録自動更新も停止いたします。

○2011年07月31日（日）：月額登録の自動更新を停止
・月額登録でご利用のお客様を、一括で解約させて頂きます。

○2011年12月：au向け旧jigブラウザサービス終了
・以降、au向け旧jigブラウザをご利用頂くことが出来ません。

尚、au公式サービス「jigブラウザau版」の提供を開始しております。ぜひご利用をご検討下さい。
jigブラウザau版：http://ba.jig.jp/

長きに渡ってご利用頂きました皆様には、心より感謝申し上げます。"
2010-12-09,YouTubeの動画が再生できない不具合について,"本日13:00頃より、YouTubeサイトにて動画再生が行えない状態となっております。
現在、調査を行っておりますが、修正の目処は立っておりません。
対応が完了致しましたら、改めてお知らせさせていただきます。
ご迷惑をお掛け致しますが、何卒ご了承頂けますよう、よろしくお願い致します。"
2010-12-10,YouTubeの動画が再生できない不具合について,"YouTubeサイトにて動画再生が行えない状態となっておりました件について、修正を完了いたしました。現在は正常にご覧頂けます。 
この度はご迷惑をおかけいたしまして誠に申し訳ありませんでした。"
2010-12-14,新ブラウザ『jigブラウザ10』を正式リリース,"「jigブラウザ」の新バージョン『jigブラウザ10』を正式にリリースいたしました。
『jigブラウザ10』は、当社独自に開発した最新のレンダリングエンジンを搭載することで、JavaScriptへの大幅な対応や更なる高速化を実現しています。
また、ユーザビリティ（使いやすさ）の向上を目指し、デザインやユーザインターフェイス（以下UI）を刷新いたしました。

◆『jigブラウザ10』の主な特長
1.表示可能なPCサイトの増加
JavaScriptに対応することで、PCサイトの再現性がさらに向上いたしました。
前バージョン「jigブラウザ9」では一部のJavaScriptへの対応にとどまっていましたが、『jigブラウザ10』 では大幅な対応を行い、今まで表示しきれなかった多くのPCサイトをより忠実に再現することができます。

2.デザインおよびUIをリニューアル
グラフィカルで視覚的に伝わりやすい新デザインを採用いたしました。
また、MENU画面を自由にカスタマイズできる「ドック機能」の実装や、従来は左右それぞれのキーで行っていた操作を左MENUキーに集約するなど、ユーザが直感的に操作しやすいUIを追求しています。

3.ページ表示速度の高速化
データ通信方法や画像送信方法を改良することにより、前バージョンに比べて約1.3倍の高速化を実現いたしました（※1）。画像が多いページでも、ストレスなく閲覧することが可能です。
※1 ドコモP-01Aを使用し、弊社サイトトップページ（http://jig.jp/）を表示するまでの時間を計測。

■ 対応機種
・NTTドコモ：
SMART / STYLE / PRIME / PRO シリーズ
FOMA 906i / 905i / 706i / 705i シリーズ
※詳細はこちら

・ソフトバンクモバイル（公式版）：
SoftBank 3G 「S!アプリ」対応機種
※詳細はこちら

※NTTドコモとソフトバンクモバイル（公式版）のみでの対応となります。
※一部非対応機種がございます。

■ 利用方法
以下の「jigブラウザ」サイトに携帯電話でアクセスし、アプリをダウンロードして下さい。

・NTTドコモ
http://br.jig.jp/

・ソフトバンクモバイル（公式版）
http://bs.jig.jp/

※「jigブラウザ」シリーズのアプリを既にダウンロードされている場合も『jigブラウザ10』の利用にはダウンロードが必要です。別途利用料金はかかりません。
※既にRC版を利用している人はバージョンアップで正式版になります。"
2010-12-16,jigブラウザ9Ver1.4.8、jigブラウザ9i(iウィジェット対応版)Ver1.4.8リリース,"jigブラウザ9(ドコモ版)及びjigブラウザ9i(iウィジェット対応版)の最新バージョン
1.4.8を公開しました。
ドコモの方はバージョンアップをお願いします。
修正点は以下になります。

・ユーザーエージェントの設定にiPhoneとAndroidを追加
・文章ビューで一部のリンクを正常にタッチできない不具合を修正
・空のタブが作成されることがある不具合を修正
・一部のダイアログで正常に改行されない場合がある不具合を修正
・N-02Bでソフトラベル上にメールアイコンを表示するように変更
※N-02Bをご利用の方は端末の「MENU」→「設定/NWサービス」→「その他設定」
→「ソフトウェア更新」から最新のソフトウェアアップデートが適用されている
ことをご確認の上jigブラウザのバージョンアップをお願いいたします。"
2010-12-20,年末年始の営業に関するお知らせ,"平素はjig.jpのサービスをご利用いただき誠にありがとうございます。
年末年始の営業に関して、次のように案内をさせていただきます。
休業期間：12月30日(木)～1月4日(火)

[お問合せの対応]
12/30(木)より1/4(火)までサポート業務が停止致します。
12/29(水)17:00以降にいただいたお問合せへの返信は1/5(水)以降、順次対応致します。
※混みあっている際は返信に数日かかる場合がございます。予めご了承下さい。

[登録/解約]
休業期間中のお問合せによる弊社での登録及び解約関連の手動処理が停止致します。
※アプリからの登録及び解約につきましては通常通りご利用になれます。
※au・ソフトバンク端末による新規登録及び年間利用の更新は、12/20(月)をもって終了しました。

[サービスの利用]
通常通りご利用になれます。

ご迷惑をおかけしますが、何卒よろしくお願い申し上げます。"
2011-10-13,新ブラウザ『jigブラウザLite』リリース,"「jigブラウザ」の新バージョン『jigブラウザLite』をリリースいたしました。 
『jigブラウザLite』は、弊社サービス「jigブラウザ」のPCサイトをサクサクと表示する基本性能はそのままに、あえて多機能にせず、シンプルでわかりやすいUIデザインにしております。
その結果、""サクサク"" ""わかりやすい""使用感になっており、「今使っている携帯電話でも、スマートフォンのように存分にインターネットを楽しみたい」という方におすすめです。

『jigブラウザLite』のホーム画面に配置されているアイコンから、「Yahoo!JAPAN」「Google」「mixi」「YouTube」などの主要サービスサイトをはじめ、お気に入りサイトや閲覧履歴にも簡単にアクセスできます。
またチュートリアル（操作説明）やヘルプ機能も充実させ、フルブラウザのご利用が初めての方でも安心です。

■ 対応機種
NTTドコモとソフトバンクモバイル（公式版）のみでの対応となります。

・NTTドコモ
SMART / STYLE / PRIME / PRO series
FOMAR 906i / 905i / 706i / 705i シリーズ
詳細はこちら

・ソフトバンクモバイル（公式版）
SoftBank 3G 「S!アプリ」対応機種
詳細はこちら

※一部非対応機種がございます。

■ 利用方法
以下の『jigブラウザLite』サイトに携帯電話でアクセスし、アプリをダウンロードして下さい。

・NTTドコモ：http://br.jig.jp/lite.html
・ソフトバンクモバイル：http://bs.jig.jp/lite.html

※ダウンロード後、1日3ページまで無料でご利用いただけます。
※「jigブラウザ」シリーズのアプリを既にダウンロードされている場合も『jigブラウザLite』の利用にはダウンロードが必要です（別途利用料金はかかりません）。"
2011-10-25,jigブラウザ10Ver1.1.2、jigブラウザ10iVer1.1.2リリース,"jigブラウザ10及びjigブラウザ10iの最新バージョン1.1.2を公開しました。
ドコモの方はバージョンアップをお願いします。
修正点は以下になります。
・ログインサポートの登録内容を個別に消せるように変更
・アニメーションGIFの画像を画面メモ時に保存できない不具合を修正
・オフラインモード時に一部のリンクとボタンをクリックしても反応しない不具合を修正
・設定をサーバに保存していない状態で設定リセットを行ったときにエラーが発生する不具合を修正
・タスク一覧関連の修正
・右/左タスクに切り替えるショートカット追加
・ニューロポインタなどで操作する場合の挙動を一部変更"
2011-10-31,jigスケジューラ for Googleカレンダー サーバ障害のお知らせ,"10/28(金) 23時頃から10/31(月) 15時頃まで、サーバの障害により、jigスケジューラ for Googleカレンダーの同期が出来ない状態となっておりました。
現在は復旧し、Googleカレンダーとの同期が可能な状態となっております。
この度はご迷惑をおかけ致しまして誠に申し訳ございませんでした。"
2011-11-15,課金サーバ メンテナンスのお知らせ,"11月22日(火)午前2:00から午前6:00の間、課金サーバのメンテナンスのため、当サービスを含む弊社有料サービスの購入/解約/ユーザー登録情報の変更が行えません。
ご迷惑をおかけ致しますが、宜しくお願い申し上げます。
※作業状況により、時間が前後する可能性がありますので予めご了承ください。"
2011-12-06,jigブラウザ10Ver1.1.3、jigブラウザ10iVer1.1.3リリース,"jigブラウザ10及びjigブラウザ10iの最新バージョン1.1.3を公開しました。
ドコモの方はバージョンアップをお願いします。
修正点は以下になります。
・アップロードできる画像ファイルサイズの制限を緩和
・自動的に画像が変更されるサイトでメモリ不足になることがあった問題を修正
・一部サイトでのボタン表示を改善
・一部サイトで「戻る」が正常に行えない問題を修正
・一部のメニューで文字がはみ出して表示されていた不具合を修正
・レイアウト設定を「ケータイ」に設定した時の表示を改善"
2011-12-15,サーバ障害復旧のお知らせ,"jigブラウザをご利用のお客様へ。12/15(木)2:00頃から7:00頃の間、サーバ障害のため、jigブラウザがご利用できない状態となっておりました。
現在は復旧し、正常にご利用頂ける状態となっております。 
この度はご迷惑をおかけ致しまして誠に申し訳ございませんでした。"
2011-12-15,サーバ障害のお知らせ,"jigブラウザをご利用のお客様へ。12/15(木)02:20頃より、サーバ障害によりjigブラウザがご利用できない状態となっております。 
そのため、jigブラウザでの通信時に「通信に失敗しました」やエラー番号「NW008」「NW009」「NW017」と表示され、ページが閲覧いただけない状況です。 
ご迷惑をお掛けして、誠に申し訳ございません。 
現在、復旧作業中です。復旧まで、今しばらくお待ちいただくようお願いします。"
2011-12-20,年末年始の営業に関するお知らせ,"平素はjig.jpのサービスをご利用いただき誠にありがとうございます。
年末年始の営業に関して、次のように案内をさせていただきます。
休業期間：12月30日(金)～1月4日(水)

[お問合せの対応]
12/30(金)より1/4(水)までサポート業務が停止致します。
12/29(木)17:00以降にいただいたお問合せへの返信は1/5(木)以降、順次対応致します。
※混みあっている際は返信に数日かかる場合がございます。予めご了承下さい。

[登録/解約]
休業期間中のお問合せによる弊社での登録及び解約関連の手動処理が停止致します。
※アプリからの登録及び解約につきましては通常通りご利用になれます。
※au・ソフトバンク端末による年間利用の新規登録及び更新は提供を終了致しました。

[サービスの利用]
通常通りご利用になれます。

ご迷惑をおかけしますが、何卒よろしくお願い申し上げます。"
2011-12-20,jigブラウザLite Ver.1.0.1リリース,"jigブラウザLiteの最新バージョン1.0.1を公開しました。
ドコモの方はバージョンアップをお願いします。
修正点は以下になります。
・アップロードできる画像ファルサイズの制限を緩和
・自動的に画像が変更されるサイトでメモリ不足になることがあった問題を修正
・一部サイトでのボタン表示を改善
・一部サイトで「戻る」が正常に行えない問題を修正
・一部サイトでログインサポート機能が誤作動してE009エラーになる問題を修正
・ページ内リンクをクリックした後に他のページに移動できなくなることがある不具合を修正
・画面幅より短い文字列をクリックしたときに文字列がセンタリングされるように変更
・動画再生後に「戻る」が正常に動作しないことがある問題を改善
・スピードセレクタでの操作が一部正常に出来なかった不具合を修正"
2011-12-26,RSS更新不具合のお知らせ,"12/22（木）18時ごろから12/26（月）9時ごろまで、サーバ障害によりRSSの更新
が停止しておりました。現在は正常に更新される状態となっておりますが、根本
原因の究明と対策には未だいたっておりませんので、引き続き調査を行ってまい
ります。
この度はご迷惑をおかけし、申し訳ございませんでした。"
2011-12-27,jigブラウザ10Ver1.1.4、jigブラウザ10iVer1.1.4リリース,"jigブラウザ10及びjigブラウザ10iの最新バージョン1.1.4を公開しました。
ドコモの方はバージョンアップをお願いします。
修正点は以下になります。
・一部サイトにてログインサポート機能が誤作動してE009エラーになる問題を修正
・空白ページでの初期カーソル位置を変更
・タッチパネル操作時の問題を改善
・ページ内リンクに関する不具合を修正
・画面幅より短い文字列をクリックしたときに文字列がセンタリングされるように変更
・動画再生後に「戻る」が正常に動作しないことがある問題を改善
・一部サイトでのボタン表示を改善"
2012-10-30,jigfes Ver.1.0.6リリース,"jigfesの最新バージョン1.0.6を公開しました。
修正点は以下になります。
・ログイン情報等のキャッシュ不具合の修正"
2012-11-15,サーバ メンテナンスのお知らせ,"11/21(水)午前2:00から午前6:00の間、サービス安定性の向上を目的とし、メンテナンス作業を実施いたします。
メンテナンス中は全てのお客様におかれまして、以下の機能がご利用いただけなくなります。

・jigブラウザ一般版、ソフトバンク公式版、au版サービスのアプリのご利用/ダウンロード/サイトの閲覧(上記時間帯のうち最大3時間)
・当サービスを含む弊社有料サービスの購入/解約/ユーザー登録情報の変更が行えません。

大変ご迷惑をお掛けいたしますが、ご協力のほどよろしくお願いします。
※作業状況により、時間が前後する可能性がありますので予めご了承ください。"
2012-12-21,年末年始の営業に関するお知らせ,"平素はjig.jpのサービスをご利用いただき誠にありがとうございます。
年末年始の営業に関して、次のように案内をさせていただきます。
休業期間：12/29(土)～1/6(日)

[お問合せの対応]
12/29(土)より1/6(日)までサポート業務が停止致します。
12/28(金)17:00以降にいただいたお問合せへの返信は1/7(月)以降、順次対応致します。
※混みあっている際は返信に数日かかる場合がございます。予めご了承下さい。

[登録/解約]
休業期間中のお問合せによる弊社での登録及び解約関連の手動処理が停止致します。
※アプリからの登録及び解約につきましては通常通りご利用になれます。

[サービスの利用]
通常通りご利用になれます。

ご迷惑をおかけしますが、何卒よろしくお願い申し上げます。"
2013-10-03,jigポッドキャストプレーヤーjiglet　提供終了のお知らせ,"誠に勝手ではございますが、2013年10月31日（木）をもちまして、jigポッドキャストプレーヤーjigletの提供を終了させていただきます。

長きに渡ってご利用頂きました皆様には、心より感謝申し上げます。"
2013-10-24,クレジットカード決済 メンテナンスのお知らせ,"システムのメンテナンスの為、下記期間におきましてクレジットカード決済のご利用を一時停止致します。
お客様にはご迷惑をおかけ致しますが、何卒よろしくお願い致します。

▼停止内容
・クレジットカード決済をご利用した新規のご購入(年間、月額)
※ご利用中のお客様の解約処理には影響ございません。

▼停止時間
10月28日(月) 13:00 ～ 10月31日(木) 15:00
※作業の状況により、時間が前後する可能性がありますので予めご了承ください。"
2013-11-19,jigブラウザLite Ver.1.0.5リリース,"jigブラウザLiteの最新バージョン1.0.5を公開しました。
ドコモの方はバージョンアップをお願いします。
修正点は以下になります。
・再生可能なマルチメディア形式を追加
・お気に入りの保存処理を修正
・通信エラー時の表示を修正
・EdyとSuicaでの購入フローを改善"
2013-12-05,jigブラウザ10Ver.1.1.7、jigブラウザ10iVer.1.1.7リリース,"jigブラウザ10及びjigブラウザ10iの最新バージョン1.1.7を公開しました。
ドコモの方はバージョンアップをお願いします。
修正点は以下になります。
・再生可能なマルチメディア形式を追加
・お気に入りの保存処理を修正
・通信エラー時の表示を修正
・EdyとSuicaでの購入フローを改善"
2013-12-06,課金サーバ メンテナンスのお知らせ,"12月12日(木)午前2:00から午前6:00の間、課金サーバのメンテナンスのため、当サービスを含む弊社有料サービスの購入/解約/ユーザー登録情報の変更が行えません。
ご迷惑をおかけ致しますが、宜しくお願い申し上げます。
※作業状況により、時間が前後する可能性がありますので予めご了承ください。"
2013-12-12,jigブラウザ9Ver1.5.1、jigブラウザ9i(iウィジェット対応版)Ver1.5.1リリース,"jigブラウザ9(ドコモ版)及びjigブラウザ9i(iウィジェット対応版)の最新バージョン1.5.1を公開しました。
ドコモの方はバージョンアップをお願いします。
修正点は以下になります。
・ニコニコ動画での動画再生で可能な限り画面いっぱいに表示するように変更
・お気に入り同期機能で同期方法を選択出来るように変更
・通信エラー時の表示を修正"
2013-12-20,年末年始の営業に関するお知らせ,"平素はjig.jpのサービスをご利用いただき誠にありがとうございます。
年末年始の営業に関して、次のように案内をさせていただきます。
休業期間：12/28(土)～1/5(日)

[お問合せの対応]
12/28(土)より1/5(日)までサポート業務が停止致します。
12/27(金)17:00以降にいただいたお問合せへの返信は1/6(月)以降、順次対応致します。
※混みあっている際は返信に数日かかる場合がございます。予めご了承下さい。

[登録/解約]
休業期間中のお問合せによる弊社での登録及び解約関連の手動処理が停止致します。
※アプリからの登録及び解約につきましては通常通りご利用になれます。

[サービスの利用]
通常通りご利用になれます。

ご迷惑をおかけしますが、何卒よろしくお願い申し上げます。"
2014-11-12,jigスケジューラ for Googleカレンダー提供終了のお知らせ,"誠に勝手ではございますが、jigスケジューラ for Googleカレンダーは、2014年11月17日（月）をもちまして、提供を終了させていただきます。
jigletのダウンロード、及び、ダウンロード済みのjigletではGoogleカレンダーとの同期が行えなくなります。

長い間ご利用いただき、ありがとうございました。"
2014-12-19,年末年始の営業に関するお知らせ,"平素はjig.jpのサービスをご利用いただき誠にありがとうございます。
年末年始の営業に関して、次のように案内をさせていただきます。

[お問合せの対応]
12/27(土)より1/4(日)までサポート業務が停止致します。
12/26(金)17:00以降にいただいたお問合せへの返信は1/5(月)以降、順次対応致します。
※混みあっている際は返信に数日かかる場合がございます。予めご了承下さい。

[登録/解約]
休業期間中のお問合せによる弊社での登録及び解約関連の手動処理が停止致します。
※アプリからの登録及び解約につきましては通常通りご利用になれます。

[サービスの利用]
通常通りご利用になれます。

ご迷惑をお掛けしますが、何卒よろしくお願い申し上げます。"
2015-12-21,年末年始の営業に関するお知らせ,"平素はjig.jpのサービスをご利用いただき誠にありがとうございます。
年末年始の営業に関して、次のように案内をさせていただきます。
休業期間：12/30(水)より1/4(月)

[お問合せの対応]
12/30(水)より1/4(月)までサポート業務が停止致します。
12/29(火)17:00以降にいただいたお問合せへの返信は1/5(火)以降、順次対応致します。
※混みあっている際は返信に数日かかる場合がございます。予めご了承下さい。

[登録/解約]
休業期間中のお問合せによる弊社での登録及び解約関連の手動処理が停止致します。
※アプリからの登録及び解約につきましては通常通りご利用になれます。

[サービスの利用]
通常通りご利用になれます。

ご迷惑をおかけしますが、何卒よろしくお願い申し上げます。"
2016-12-21,年末年始の営業に関するお知らせ,"平素はjig.jpのサービスをご利用いただき誠にありがとうございます。
年末年始の営業に関して、次のように案内をさせていただきます。
休業期間：12/30(金)より1/4(水)

[お問合せの対応]
12/30(金)より1/4(水)までサポート業務が停止致します。
12/29(木)17:00以降にいただいたお問合せへの返信は1/5(木)以降、順次対応致します。
※混みあっている際は返信に数日かかる場合がございます。予めご了承下さい。

[登録/解約]
休業期間中のお問合せによる弊社での登録及び解約関連の手動処理が停止致します。
※アプリからの登録及び解約につきましては通常通りご利用になれます。

[サービスの利用]
通常通りご利用になれます。

ご迷惑をおかけしますが、何卒よろしくお願い申し上げます。"
2017-12-26,年末年始の営業に関するお知らせ,"平素はjig.jpのサービスをご利用いただき誠にありがとうございます。
年末年始の営業に関して、次のように案内をさせていただきます。
休業期間：12/30(土)より1/4(木)

[お問合せの対応]
12/30(土)より1/4(木)までサポート業務が停止致します。
12/29(金)17:00以降にいただいたお問合せへの返信は1/5(金)以降、順次対応致します。
※混みあっている際は返信に数日かかる場合がございます。予めご了承下さい。

[登録/解約]
休業期間中のお問合せによる弊社での登録及び解約関連の手動処理が停止致します。
※アプリからの登録及び解約につきましては通常通りご利用になれます。

[サービスの利用]
通常通りご利用になれます。

ご迷惑をおかけしますが、何卒よろしくお願い申し上げます。"
2017-12-27,一部お支払い方法終了のお知らせ,"平素はjigブラウザをご利用いただき誠にありがとうございます。 

2017年12月29日（金）をもちまして、jigブラウザご利用料金の新規お申込みに関しまして、一部お支払い方法を終了させていただきます。

■終了対象お支払い方法
・クレジットカード（月額、年間）
※すでにクレジットカードでご購入をいただいているお客様につきましては、引き続ご利用いただけます。

12月29日以降は、以下のお支払い方法から選択していただきますようお願い申し上げます。

（月額利用）
・ドコモケータイ払い
・Yahoo!ウォレット
・WebMoney

（年間利用）
・ドコモケータイ払い
・Yahoo!ウォレット
・WebMoney

（3ヶ月(90日)利用）
・ドコモケータイ払い

ご不便をお掛けいたしますが、ご理解・ご了承のほど、何卒よろしくお願い申し上げます。"
2018-12-26,年末年始の営業に関するお知らせ,"平素はjig.jpのサービスをご利用いただき誠にありがとうございます。 
年末年始の営業に関して、次のように案内をさせていただきます。 
休業期間：12/29(土)より1/6(日) 

[お問合せの対応] 
12/29(土)より1/6(日)までサポート業務が停止致します。 
12/28(金)17:00以降にいただいたお問合せへの返信は1/7(月)以降、順次対応致します。 
※混みあっている際は返信に数日かかる場合がございます。予めご了承下さい。

[登録/解約] 
休業期間中のお問合せによる弊社での登録及び解約関連の手動処理が停止致します。 
※アプリからの登録及び解約につきましては通常通りご利用になれます。 

[サービスの利用] 
通常通りご利用になれます。 

ご迷惑をおかけしますが、何卒よろしくお願い申し上げます。"
2019-12-23,年末年始の営業に関するお知らせ,"平素はjig.jpのサービスをご利用いただき誠にありがとうございます。
年末年始の営業に関して、次のように案内をさせていただきます。
休業期間：12/28(土)より1/5(日)

[お問合せの対応]
12/28(土)より1/5(日)までサポート業務が停止致します。
12/27(金)17:00以降にいただいたお問合せへの返信は1/6(月)以降、順次対応致します。
※混みあっている際は返信に数日かかる場合がございます。予めご了承下さい。

[登録/解約]
休業期間中のお問合せによる弊社での登録及び解約関連の手動処理が停止致します。
※アプリからの登録及び解約につきましては通常通りご利用になれます。

[サービスの利用]
通常通りご利用になれます。

ご迷惑をおかけしますが、何卒よろしくお願い申し上げます。"
2020-12-22,年末年始の営業に関するお知らせ,"平素はjig.jpのサービスをご利用いただき誠にありがとうございます。
年末年始の営業に関して、次のように案内をさせていただきます。
休業期間：12/30(水)より1/4(月)

[お問合せの対応]
12/30(水)より1/4(月)までサポート業務が停止致します。
12/29(火)17:00以降にいただいたお問合せへの返信は1/5(火)以降、順次対応致します。
※混みあっている際は返信に数日かかる場合がございます。予めご了承下さい。

[登録/解約]
休業期間中のお問合せによる弊社での登録及び解約関連の手動処理が停止致します。
※アプリからの登録及び解約につきましては通常通りご利用になれます。

[サービスの利用]
通常通りご利用になれます。

ご迷惑をおかけしますが、何卒よろしくお願い申し上げます。"
2021-12-22,年末年始の営業に関するお知らせ,"平素はjig.jpのサービスをご利用いただき誠にありがとうございます。
年末年始の営業に関して、次のように案内をさせていただきます。
休業期間：12/30(木)より1/4(火)

[お問合せの対応]
12/30(木)より1/4(火)までサポート業務が停止致します。
12/29(水)17:00以降にいただいたお問合せへの返信は1/5(水)以降、順次対応致します。
※混みあっている際は返信に数日かかる場合がございます。予めご了承下さい。

[登録/解約]
休業期間中のお問合せによる弊社での登録及び解約関連の手動処理が停止致します。
※アプリからの登録及び解約につきましては通常通りご利用になれます。

[サービスの利用]
通常通りご利用になれます。

ご迷惑をおかけしますが、何卒よろしくお願い申し上げます。"
